id,município,localidade,longitude,latitude,código do,ti,codibge,localida_1,data da pe,aquífero,finalidade,profundida,vazão (m³),estado,resíduo t,cloreto,dureza,nitrato,ferro,cor aparen,fluoreto,manganês,nitrato (1,ph,sulfato,turbidez,estado qua,data da co,data da an,populaçã,código _1
1,Carinhanha,BERNARDO,-43.858333,-13.095277,2,Velho Chico,2907103,BERNARDO,17/07/2023,FISSURAL,ABASTECIMENTO HUMANO,"120","0,75",VAZÃO APROVEITÁVEL,"359","13,2","209","0,02712","0,1",<5,"0,28",<Null>,"0,02712","7,6","3,06","0,52",ADEQUADA PARA CONSUMO HUMANO,06/08/2023,25/09/2023,,"-"
2,Caetité,FAZENDA CUBA,-42.547221,-13.994166,13,Sertão Produtivo,2905206,FAZENDA CUBA,10/12/2023,FISSURAL,NÃO INFORMADO,"180","0,77",VAZÃO APROVEITÁVEL,"122","3,59","26","<0,1","0,0502","5","0,49","0,072","<0,1","8,2","2,97","1,2",ADEQUADA PARA CONSUMO HUMANO,20/02/2024,24/04/2024,,"-"
3,Encruzilhada,ESPIRITO SANTO DOIS,-40.981388,-15.596388,20,Sudoeste Baiano,2910404,ESPIRITO SANTO DOIS,31/03/2023,FISSURAL,NÃO INFORMADO,"162","0,97",VAZÃO APROVEITÁVEL,"157","28,7","11,44","<0,003","<0,08","9","<0,0033","0,06","<0,003","7,57","6,8","1,22",ADEQUADA PARA CONSUMO HUMANO,23/06/2023,14/08/2023,,"-"
4,Vitória da Conquista,CAMPUS ANÍSIO TEIXEIRA,-40.833333,-14.871666,20,Sudoeste Baiano,2933307,CAMPUS ANÍSIO TEIXEIRA,26/09/2021,FISSURAL,NÃO INFORMADO,"149","1,13",VAZÃO APROVEITÁVEL,"352","68","104","1","0,187",<5,"0,21","0,0121","1","8,09",<Null>,<Null>,ADEQUADA PARA CONSUMO HUMANO,05/10/2021,28/10/2021,,"-"
5,Belo Campo,TAMANDUÁ,-41.155,-15.09361,20,Sudoeste Baiano,2903508,TAMANDUÁ,16/03/2023,FISSURAL,NÃO INFORMADO,"132","1,2",VAZÃO APROVEITÁVEL,"217","25,4","47,6","0,06","0,15",<5,"0,2618","0,03","0,06","7,86","6,94",<Null>,ADEQUADA PARA CONSUMO HUMANO,31/05/2023,03/07/2023,,"-"
6,Ribeirão do Largo,RIO BONITO,-40.629166,-15.581943,20,Sudoeste Baiano,2926657,RIO BONITO,20/10/2022,FISSURAL,ABASTECIMENTO HUMANO,"154","1,27",VAZÃO APROVEITÁVEL,"106","3,9","20,5","0,35","<0,07","5","0,18","0,012","0,35","7,1","1,8",<Null>,ADEQUADA PARA CONSUMO HUMANO,08/11/2022,16/12/2022,,"-"
7,Barra do Choça,ENTRONCAMENTO DE CAATIBA,-40.536666,-14.960277,20,Sudoeste Baiano,2902906,ENTRONCAMENTO DE CAATIBA,14/10/2020,FISSURAL,NÃO INFORMADO,"120","1,39",VAZÃO APROVEITÁVEL,"101","1,93","28,2","0,191","<0,07",<5,"0,13","0,064","0,191","7,53","1,36",<Null>,ADEQUADA PARA CONSUMO HUMANO,12/11/2020,04/01/2021,,"-"
8,Caetité,VEREDA DO CAIS,-42.3025,-13.670554,13,Sertão Produtivo,2905206,VEREDA DO CAIS,02/12/2023,FISSURAL,NÃO INFORMADO,"138","1,41",VAZÃO APROVEITÁVEL,"362","23,3","151","1","0,014","5","1,09","0,077","1","8,05","10,8","1,1",ADEQUADA PARA CONSUMO HUMANO,12/04/2024,19/05/2024,,"-"
9,Encruzilhada,ASSENTAMENTO SANTA LUZIA,-40.68861,-15.635277,20,Sudoeste Baiano,2910404,ASSENTAMENTO SANTA LUZIA,21/04/2022,FISSURAL,ABASTECIMENTO HUMANO,"150","1,49",VAZÃO APROVEITÁVEL,"54","3,56","11,1",<1,"0,0987","5","0,13","0,00536",<1,"8,32","0,88","0,17",ADEQUADA PARA CONSUMO HUMANO,25/06/2022,19/09/2022,,"-"
10,Mortugaba,SEDE,-42.387499,-15.045833,20,Sudoeste Baiano,2921807,SEDE,17/08/2020,FISSURAL,NÃO INFORMADO,"128","1,62",VAZÃO APROVEITÁVEL,"390","13,5","194","3,05","<0,07","6","0,28","0,01","3,05","8,51","45,9","0,55",ADEQUADA PARA CONSUMO HUMANO,03/09/2020,02/10/2020,,"-"
11,Ituaçu,OVELHA,-41.473888,-13.656666,13,Sertão Produtivo,2917201,OVELHA,17/02/2020,FISSURAL,ABASTECIMENTO HUMANO,"150","1,83",VAZÃO APROVEITÁVEL,"101","2,83","52,3","0,023","<0,07","<5,00","<0,07","0,008","0,023","8,1","1,05","1,04",ADEQUADA PARA CONSUMO HUMANO,07/05/2020,28/05/2020,,"-"
12,Tanque Novo,MAGRAS,-42.641388,-13.496666,13,Sertão Produtivo,2931053,MAGRAS,29/07/2021,FISSURAL,NÃO INFORMADO,"128","1,96",VAZÃO APROVEITÁVEL,"41","16","30","4,8",I.D,<Null>,"<=0,20",<Null>,"4,8",<Null>,<Null>,"1",ADEQUADA PARA CONSUMO HUMANO,06/08/2021,<Null>,,"-"
13,Piatã,TANQUE,-41.79861,-13.139166,3,Chapada Diamantina,2924306,TANQUE,06/10/2020,FISSURAL,NÃO INFORMADO,"120","1,98",VAZÃO APROVEITÁVEL,"19","1,4","9,42","<0,1","0,064",<5,"<0,1","0,0254","<0,1","6,96",<Null>,"1,12",ADEQUADA PARA CONSUMO HUMANO,16/04/2021,19/05/2021,,"-"
14,Belo Campo,PERIPERI,-41.220277,-15.143055,20,Sudoeste Baiano,2903508,PERIPERI,11/04/2022,FISSURAL,NÃO INFORMADO,"120","2,05",VAZÃO APROVEITÁVEL,"195","12,5","65,6","<0,1","0,0259","9","0,28","0,0505","<0,1","7,41","4,7",<Null>,ADEQUADA PARA CONSUMO HUMANO,29/04/2022,01/06/2022,,"-"
15,Seabra,QUEIMADAO,-41.779721,-12.314722,3,Chapada Diamantina,2929909,QUEIMADAO,31/05/2024,FISSURAL,NÃO INFORMADO,"138","2,11",VAZÃO APROVEITÁVEL,"33","11,1",<Null>,"1,98","0,013","5","0,36",<Null>,"1,98","6,96","0,76",<Null>,ADEQUADA PARA CONSUMO HUMANO,01/07/2024,02/08/2024,,"-"
16,Ibotirama,LINHA II,-43.184166,-12.331666,2,Velho Chico,2913200,LINHA II,24/09/2022,FISSURAL,ABASTECIMENTO HUMANO,"150","2,2",VAZÃO APROVEITÁVEL,"341","28","111","<0,11","0,25",<5,"0,313","0,041","<0,11","7,71","4,8","0,44",ADEQUADA PARA CONSUMO HUMANO,18/02/2023,06/04/2023,,"-"
17,Vitória da Conquista,TIGRE,-40.827499,-14.748888,20,Sudoeste Baiano,2933307,TIGRE,14/04/2024,FISSURAL,ABASTECIMENTO HUMANO,"114","2,29",VAZÃO APROVEITÁVEL,"228","9,85","75,7","0,13","0,167","5","0,68","0,082","0,13","6,85","21,1","0,55",ADEQUADA PARA CONSUMO HUMANO,19/04/2024,04/06/2024,,"-"
18,Barra,POÇO DO MEIO,-43.9025,-11.039721,2,Velho Chico,2902708,POÇO DO MEIO,12/08/2022,FISSURAL,ABASTECIMENTO HUMANO,"150","2,35",VAZÃO APROVEITÁVEL,"450","78,9","489","3,04","<0,07",<5,"0,48","0,055","3,04","6,76","13,1",<Null>,ADEQUADA PARA CONSUMO HUMANO,09/11/2022,23/12/2022,,"-"
19,Central,RIACHO LARGO,-42.24611,-11.198333,1,Irecê,2907608,RIACHO LARGO,27/08/2021,FISSURAL,NÃO INFORMADO,"72","2,4",VAZÃO APROVEITÁVEL,"76","6,8","11,7","0,97","0,275","5","0,1","0,0133","0,97","7,67",<Null>,"3,85",ADEQUADA PARA CONSUMO HUMANO,24/09/2021,18/10/2021,,"-"
20,Belo Campo,SABIÁ,-41.108055,-15.097221,20,Sudoeste Baiano,2903508,SABIÁ,15/03/2023,FISSURAL,ABASTECIMENTO HUMANO,"150","2,46",VAZÃO APROVEITÁVEL,"225","17","103","0,104","0,21","5","0,3848","0,06","0,104","809","4,67","0,56",ADEQUADA PARA CONSUMO HUMANO,01/06/2023,03/07/2023,,"-"
21,Sento Sé,CAITITU,-41.716111,-10.225554,10,Sertão do São Francisco,2930204,CAITITU,19/10/2023,FISSURAL,ABASTECIMENTO HUMANO,"150","2,51",VAZÃO APROVEITÁVEL,"371","53,8","235","2,53","<0,01","5","0,23",<Null>,"2,53","7,94","11,8","0,85",ADEQUADA PARA CONSUMO HUMANO,26/11/2023,06/02/2024,,"-"
22,Dom Basílio,LENÇÓIS,-41.725832,-13.82861,13,Sertão Produtivo,2910107,LENÇÓIS,31/05/2022,FISSURAL,NÃO INFORMADO,"150","2,52",VAZÃO APROVEITÁVEL,"151","13,2","91,6",<1,"0,0634","5","0,27","0,028",<1,"8,03","2,9","0,28",ADEQUADA PARA CONSUMO HUMANO,27/08/2022,19/09/2022,,"-"
23,Seabra,ESCOLA FAMÍLIA AGRÍCOLA,-41.756666,-12.4,3,Chapada Diamantina,2929909,ESCOLA FAMÍLIA AGRÍCOLA,27/05/2023,FISSURAL,ABASTECIMENTO HUMANO,"150","2,62",VAZÃO APROVEITÁVEL,"354","68,34","148","<0,0226","<0,08",<5,"<0,100",<Null>,"<0,0226","6,83","1,36","0,85",ADEQUADA PARA CONSUMO HUMANO,02/08/2023,15/09/2023,,"-"
24,Caetité,CHAPADA,-42.62111,-13.674166,13,Sertão Produtivo,2905206,CHAPADA,07/06/2022,FISSURAL,NÃO INFORMADO,"150","2,64",VAZÃO APROVEITÁVEL,"98","1,72","28,8","0,238","0,16","5","<0,01","0,045","0,238","7,16","0,38","1,55",ADEQUADA PARA CONSUMO HUMANO,12/07/2022,28/08/2022,,"-"
25,Riacho de Santana,OLHO D'ÁGUA DA SERRA,-42.703888,-13.44361,2,Velho Chico,2926400,OLHO D'ÁGUA DA SERRA,05/08/2021,FISSURAL,NÃO INFORMADO,"150","2,77",VAZÃO APROVEITÁVEL,"50","21","43","<=2,00",I.D,<Null>,"<=0,20",<Null>,"<=2,00",<Null>,<Null>,"1,1",ADEQUADA PARA CONSUMO HUMANO,16/08/2021,<Null>,,"-"
26,Tapiramutá,TIRIRICA,-40.916111,-11.903055,14,Piemonte do Paraguaçu,2931301,TIRIRICA,23/09/2023,FISSURAL,NÃO INFORMADO,"150","2,79",VAZÃO APROVEITÁVEL,"303","120","46,9","0,5","0,0238","5","<0,1",<Null>,"0,5","7,14","3,27","0,7",ADEQUADA PARA CONSUMO HUMANO,27/11/2023,06/02/2024,,"-"
27,Ruy Barbosa,SEDE 2 - POVOADO DE NOVA CONQUISTA,-40.889999,-12.156111,14,Piemonte do Paraguaçu,2927200,SEDE 2 - POVOADO DE NOVA CONQUISTA,23/03/2023,FISSURAL,NÃO INFORMADO,"66","3,02",VAZÃO APROVEITÁVEL,"432","165","122","0,64","0,0128",<5,"0,12","0,0617","0,64","8,06","8,62","1,2",ADEQUADA PARA CONSUMO HUMANO,03/04/2023,28/04/2023,,"-"
28,Caetité,VEREDA DO CERCADO,-42.634166,-14.100833,13,Sertão Produtivo,2905206,VEREDA DO CERCADO,01/02/2023,FISSURAL,ABASTECIMENTO HUMANO,"130","3,1",VAZÃO APROVEITÁVEL,"246","14,7","113","<0,1","0,0152",<5,"0,36","0,00342","<0,1","7,72","1,4","2,5",ADEQUADA PARA CONSUMO HUMANO,19/03/2023,24/04/2023,,"-"
29,Contendas do Sincorá,CANDEIAS,-41.216943,-13.735277,13,Sertão Produtivo,2908804,CANDEIAS,02/11/2022,FISSURAL,ABASTECIMENTO HUMANO,"147","3,13",VAZÃO APROVEITÁVEL,"58","4,5","28,6","1,8","0,28",<5,"<0,020","0,039","1,8","6,3",<Null>,<Null>,ADEQUADA PARA CONSUMO HUMANO,24/02/2023,06/04/2023,,"-"
30,Caetité,VEREDA DAS CACIMBAS,-42.52361,-13.730832,13,Sertão Produtivo,2905206,VEREDA DAS CACIMBAS,30/11/2023,FISSURAL,NÃO INFORMADO,"150","3,75",VAZÃO APROVEITÁVEL,"269","48,6","60,5","2","0,161","5","<0,10",<Null>,"2","6,38","8,87","5,1",ADEQUADA PARA CONSUMO HUMANO,22/06/2024,24/07/2024,,"-"
31,Seabra,VEREDINHA - LOCAÇÃO 7,-41.888888,-12.456666,3,Chapada Diamantina,2929909,VEREDINHA - LOCAÇÃO 7,14/02/2024,FISSURAL,ABASTECIMENTO HUMANO,"150","3,83",VAZÃO APROVEITÁVEL,"46","10,7",<Null>,"2,1","<0,01","5","0,,07",<Null>,"2,1","6,97",<Null>,"0,1",ADEQUADA PARA CONSUMO HUMANO,17/02/2024,20/03/2024,,"-"
32,Ibotirama,MALVAS,-43.102222,-12.179166,2,Velho Chico,2913200,MALVAS,22/09/2022,FISSURAL,ABASTECIMENTO HUMANO,"100","3,96",VAZÃO APROVEITÁVEL,"293","154,4","108","<0,003","<0,07","6","<0,0033","0,04","<0,003","7,65","12,5","1,7",ADEQUADA PARA CONSUMO HUMANO,16/02/2023,24/03/2023,,"-"
33,Barra do Choça,CANUDOS,-40.619443,-14.988888,20,Sudoeste Baiano,2902906,CANUDOS,22/10/2020,FISSURAL,NÃO INFORMADO,"81","3,96",VAZÃO APROVEITÁVEL,"90","4,29","23,4","0,071","0,1","<5,00","0,04","0,037","0,071","7,33","2,53","0,55",ADEQUADA PARA CONSUMO HUMANO,12/11/2020,04/01/2021,,"-"
34,Encruzilhada,SALOBRO,-40.893055,-15.68111,20,Sudoeste Baiano,2910404,SALOBRO,01/05/2022,FISSURAL,NÃO INFORMADO,"135","4,04",VAZÃO APROVEITÁVEL,"18,6","8,08","44,4",<1,"0,0355","5","0,29","0,00323",<1,"7,61","1,01",<Null>,ADEQUADA PARA CONSUMO HUMANO,30/06/2022,19/09/2022,,"-"
35,Xique-Xique,MURITIBA,-42.501944,-10.429999,1,Irecê,2933604,MURITIBA,18/11/2023,LIVRE / FISSURAL,ABASTECIMENTO HUMANO,"138","4,14",VAZÃO APROVEITÁVEL,"232","15,3","95,6","<0,1","<0,01","5","1,09",<Null>,"<0,1","8,23","11,7","0,7",ADEQUADA PARA CONSUMO HUMANO,06/12/2023,06/02/2024,,"-"
36,Oliveira dos Brejinhos,CACHOEIRA DO BRUNDUÉ,-42.777777,-12.058611,2,Velho Chico,2923209,CACHOEIRA DO BRUNDUÉ,30/03/2023,FISSURAL,ABASTECIMENTO HUMANO,"120","4,58",VAZÃO APROVEITÁVEL,"374","19","155","2,03","<0,08","13","0,1674",<Null>,"2,03","7,42","3,11","0,55",ADEQUADA PARA CONSUMO HUMANO,25/04/2023,26/06/2023,,"-"
37,Seabra,BOA ESPERANÇA,-41.768054,-12.3575,3,Chapada Diamantina,2929909,BOA ESPERANÇA,16/08/2022,FISSURAL,ABASTECIMENTO HUMANO,"80","4,6",VAZÃO APROVEITÁVEL,"66","21,9","6,31","0,23","0,296",<5,"<0,1","0,0191","0,23","7,34","0,56","1,01",ADEQUADA PARA CONSUMO HUMANO,05/10/2022,11/11/2022,,"-"
38,Pilão Arcado,LAGOA DOS PIAUS,-43.515555,-10.04111,10,Sertão do São Francisco,2924405,LAGOA DOS PIAUS,03/12/2021,FISSURAL,ABASTECIMENTO HUMANO,"96","4,61",VAZÃO APROVEITÁVEL,"378","47","268","2,72","0,13","6","0,2302",<Null>,"2,72","8,14","5,32","0,48",ADEQUADA PARA CONSUMO HUMANO,03/05/2023,16/06/2023,,"-"
39,Sento Sé,SERRA GRANDE,-41.026943,-9.61861,10,Sertão do São Francisco,2930204,SERRA GRANDE,13/10/2023,FISSURAL,ABASTECIMENTO HUMANO,"122","4,8",VAZÃO APROVEITÁVEL,"300","35,5","150","1,93","<0,10","1","0,17",<Null>,"1,93","7,75","8,47","1,08",ADEQUADA PARA CONSUMO HUMANO,15/10/2023,05/12/2023,,"-"
40,Novo Horizonte,MARCELINO DOS GOMES,-42.165277,-12.72861,3,Chapada Diamantina,2923035,MARCELINO DOS GOMES,02/11/2023,FISSURAL,ABASTECIMENTO HUMANO,"120","5,01",VAZÃO APROVEITÁVEL,"110,22","17,75","40","10,05","<0,10","1","<0,10",<Null>,"10,05","6,44",<Null>,<Null>,ADEQUADA PARA CONSUMO HUMANO,16/11/2023,11/11/2023,,"-"
41,Planalto,BAIXA DO FACÃO,-40.384166,-14.714722,20,Sudoeste Baiano,2925006,BAIXA DO FACÃO,31/10/2022,FISSURAL,ABASTECIMENTO HUMANO,"66","5,11",VAZÃO APROVEITÁVEL,"154","23,4","63,1","0,57","<0,07",<5,"0,7","0,013","0,57","6,99","3,4","1,93",ADEQUADA PARA CONSUMO HUMANO,02/11/2022,23/12/2022,,"-"
42,Sento Sé,POÇO DO ANGICO,-41.101111,-9.549444,10,Sertão do São Francisco,2930204,POÇO DO ANGICO,27/11/2022,FISSURAL,NÃO INFORMADO,"108","5,37",VAZÃO APROVEITÁVEL,"165","28","59,5","9,7","0,25",<5,"0,031",<Null>,"9,7","6,32","2,1",<Null>,ADEQUADA PARA CONSUMO HUMANO,12/03/2023,06/04/2023,,"-"
43,Seabra,VEREDINHA - LOCAÇÃO 8,-41.889721,-12.449444,3,Chapada Diamantina,2929909,VEREDINHA - LOCAÇÃO 8,24/02/2024,FISSURAL,ABASTECIMENTO HUMANO,"165","5,5",VAZÃO APROVEITÁVEL,"43","7,18","7,58","1,05","<0,01","5","<0,05",<Null>,"1,05","6,49","0,88","0,15",ADEQUADA PARA CONSUMO HUMANO,11/04/2024,20/05/2024,,"-"
44,Morro do Chapéu,PÉ DO MORRO,-41.223332,-11.586666,3,Chapada Diamantina,2921708,PÉ DO MORRO,10/03/2024,FISSURAL,ABASTECIMENTO HUMANO,"169","6",VAZÃO APROVEITÁVEL,"113","6,13","96,2",<1,"<0,01","5","0,07","0,016",<1,"7,73","0,76","0,45",ADEQUADA PARA CONSUMO HUMANO,01/04/2024,10/05/2024,,"-"
45,Wagner,ASSENTAMENTO SÃO SEBASTIÃO DE UTINGA,-41.169443,-12.34361,3,Chapada Diamantina,2933406,ASSENTAMENTO SÃO SEBASTIÃO DE UTINGA,20/07/2020,CÁRSTICO,NÃO INFORMADO,"127","6,24",VAZÃO APROVEITÁVEL,"394","77","278","8,07","<0,07","<5,00","0,12",<Null>,"8,07","7,64","12,5","0,48",ADEQUADA PARA CONSUMO HUMANO,13/09/2020,02/10/2020,,"-"
46,Tanhaçu,TANGENTE,-41.259444,-14.035555,13,Sertão Produtivo,2931004,TANGENTE,11/06/2023,FISSURAL,ABASTECIMENTO HUMANO,"120","7,12",VAZÃO APROVEITÁVEL,"418","163,7","266","3,12","<0,08",<5,"<0,0033",<Null>,"3,12","6,88","54,8","1,52",ADEQUADA PARA CONSUMO HUMANO,29/06/2023,14/08/2023,,"-"
47,Guajeru,POSSE,-41.914722,-14.563611,20,Sudoeste Baiano,2911659,POSSE,30/10/2021,FISSURAL,NÃO INFORMADO,"90","7,2",VAZÃO APROVEITÁVEL,"112","195","32","0,003","0,07","<5,00","0,006",<Null>,"0,003","7,17","0,9","1,31",ADEQUADA PARA CONSUMO HUMANO,29/11/2021,10/03/2022,,"-"
48,Sento Sé,OLHO D´ ÁGUINHA,-41.100277,-9.519721,10,Sertão do São Francisco,2930204,OLHO D´ ÁGUINHA,12/08/2021,FISSURAL,ABASTECIMENTO HUMANO,"78","7,26",VAZÃO APROVEITÁVEL,"458","71,3","201","4,81","<0,001",<5,"<0,1",<Null>,"4,81","7,81","16,6","3,3",ADEQUADA PARA CONSUMO HUMANO,24/03/2023,24/04/2023,,"-"
49,Gentio do Ouro,SEDE,-42.517499,-11.421943,1,Irecê,2911303,SEDE,28/01/2020,FISSURAL,NÃO INFORMADO,"174","7,61",VAZÃO APROVEITÁVEL,"215","13,3","127","0,061","0,1","<5,00","0,11","0,041","0,061","7,79","1,98","0,89",ADEQUADA PARA CONSUMO HUMANO,11/06/2020,22/06/2020,,"-"
50,Ibotirama,OLHOS D'ÁGUA DO TANQUE,-43.186944,-12.168054,2,Velho Chico,2913200,OLHOS D'ÁGUA DO TANQUE,16/07/2021,FISSURAL,NÃO INFORMADO,"71","7,76",VAZÃO APROVEITÁVEL,"35,3","23,5","5,2","0,281","0,06",<5,"0,13","0,006","0,281","7,16","38","0,88",ADEQUADA PARA CONSUMO HUMANO,17/07/2021,09/08/2021,,"-"
51,Vitória da Conquista,RANCHO ALEGRE,-40.978332,-14.979999,20,Sudoeste Baiano,2933307,RANCHO ALEGRE,10/05/2022,FISSURAL,NÃO INFORMADO,"100","8,42",VAZÃO APROVEITÁVEL,"205","65,4","189",<1,"0,0108","5","0,19","0,0634",<1,"7,72","4,09","0,6",ADEQUADA PARA CONSUMO HUMANO,06/07/2022,19/09/2022,,"-"
52,Piatã,BARRO BRANCO,-41.822221,-12.817777,3,Chapada Diamantina,2924306,BARRO BRANCO,12/07/2023,FISSURAL,ABASTECIMENTO HUMANO,"150","8,8",VAZÃO APROVEITÁVEL,"148","24,66","81,6","<0,0226","<0,08",<5,"<0,100",<Null>,"<0,0226","6,08","3,14",<Null>,ADEQUADA PARA CONSUMO HUMANO,31/07/2023,15/09/2023,,"-"
53,Guajeru,MAXIXE,-42.095833,-14.62611,20,Sudoeste Baiano,2911659,MAXIXE,30/03/2022,FISSURAL,ABASTECIMENTO HUMANO,"111","8,89",VAZÃO APROVEITÁVEL,"380","76,7","130","5,35","0,0477","9","0,14","0,0665","5,35","7,07","19",<Null>,ADEQUADA PARA CONSUMO HUMANO,26/04/2022,31/05/2022,,"-"
54,Palmeiras,CAPÃO UM,-41.505,-12.610555,3,Chapada Diamantina,2923506,CAPÃO UM,04/04/2021,FISSURAL,NÃO INFORMADO,"138","9,1",VAZÃO APROVEITÁVEL,"125","9,27","47,8","0,652","<0,07","8","0,05","0,039","0,652","6,63","0,43","0,79",ADEQUADA PARA CONSUMO HUMANO,11/04/2021,20/05/2021,,"-"
55,Condeúba,PÉ DO MORRO,-41.945555,-14.744444,20,Sudoeste Baiano,2908705,PÉ DO MORRO,19/06/2022,FISSURAL,NÃO INFORMADO,"84","9,22",VAZÃO APROVEITÁVEL,"450","13,7","160","0,911","<0,07",<5,"<0,01","0,018","0,911","6,63","1,12",<Null>,ADEQUADA PARA CONSUMO HUMANO,29/06/2022,18/08/2022,,"-"
56,Ituaçu,OLHO D'ÁGUA DE ZÉ BAI,-41.303611,-13.698055,13,Sertão Produtivo,2917201,OLHO D'ÁGUA DE ZÉ BAI,07/11/2022,FISSURAL,ABASTECIMENTO HUMANO,"110","9,32",VAZÃO APROVEITÁVEL,"88,7","2,6","54,9","<0,11","0,23","6","<0,020","0,024","<0,11","7,2","7,5",<Null>,ADEQUADA PARA CONSUMO HUMANO,01/03/2023,06/04/2023,,"-"
57,Mortugaba,CAPÃO NOVO,-42.431666,-15.043333,20,Sudoeste Baiano,2921807,CAPÃO NOVO,06/04/2022,FISSURAL,NÃO INFORMADO,"120","9,79",VAZÃO APROVEITÁVEL,"169","12,7","48,5","<0,1","0,0241","9","0,28","0,0617","<0,1","7,84","1,17",<Null>,ADEQUADA PARA CONSUMO HUMANO,24/04/2022,01/06/2022,,"-"
58,Bonito,SEDE,-41.241944,-11.951944,3,Chapada Diamantina,2904050,SEDE,03/03/2024,FISSURAL,ABASTECIMENTO HUMANO,"138","10,15",VAZÃO APROVEITÁVEL,"38","11,4","5,15","<0,1","<0,01","5","<0,05","0,011","<0,1","6,52","0,75","0,2",ADEQUADA PARA CONSUMO HUMANO,05/04/2024,20/05/2024,,"-"
59,Caetité,FAZENDA CUBA,-42.547777,-13.988055,13,Sertão Produtivo,2905206,FAZENDA CUBA,29/02/2024,LIVRE / FISSURAL,ABASTECIMENTO HUMANO,"150","11",VAZÃO APROVEITÁVEL,"89","3,09","36","<0,1","0,106","5","0,08","0,031","<0,1","7,26",<Null>,"0,15",ADEQUADA PARA CONSUMO HUMANO,09/04/2024,20/05/2024,,"-"
60,Lajedinho,SEDE,-41.013611,-12.306944,14,Piemonte do Paraguaçu,2919009,SEDE,06/12/2019,CÁRSTICO,NÃO INFORMADO,"192","11,15",VAZÃO APROVEITÁVEL,"418","62","269","0,543","<0,07","<5,00","0,14",<Null>,"0,543","7,7","18","0,45",ADEQUADA PARA CONSUMO HUMANO,18/12/2019,21/01/2019,,"-"
61,Ituaçu,MAMONA,-41.49361,-13.703888,13,Sertão Produtivo,2917201,MAMONA,21/02/2020,FISSURAL,ABASTECIMENTO HUMANO,"160","11,82",VAZÃO APROVEITÁVEL,"111","6,21","61,3","0,209","<0,08","<5,00","0,04","0,05","0,209","7,72","1,97",<Null>,ADEQUADA PARA CONSUMO HUMANO,16/03/2020,08/04/2020,,"-"
62,Ibicoara,VÂNIA,-41.294166,-13.354166,3,Chapada Diamantina,2912202,VÂNIA,17/05/2024,FISSURAL,ABASTECIMENTO HUMANO,"90","12,18",VAZÃO APROVEITÁVEL,"45","2,71","14,1","0,67","0,0453","5","<0,05","0,01","0,67","6,86",<Null>,"4,9",ADEQUADA PARA CONSUMO HUMANO,01/09/2024,20/09/2024,,"-"
63,Caetité,BREJINHO DAS AMETISTAS,-42.52111,-14.266943,13,Sertão Produtivo,2905206,BREJINHO DAS AMETISTAS,18/12/2019,FISSURAL,NÃO INFORMADO,"180","12,38",VAZÃO APROVEITÁVEL,"69,3","4,14","23,1","0,345","0,09",<5,"0,02","0,02","0,345","6,11",<Null>,"1,56",ADEQUADA PARA CONSUMO HUMANO,09/02/2020,20/02/2020,,"-"
64,Seabra,VEREDINHA - SEDE 28,-41.894444,-12.431666,3,Chapada Diamantina,2929909,VEREDINHA - SEDE 28,22/07/2022,FISSURAL,NÃO INFORMADO,"104","12,57",VAZÃO APROVEITÁVEL,"445","9,6",<Null>,"0,36","0,00748","5","0,25","0,00467","0,36","8,12","0,53","0,18",ADEQUADA PARA CONSUMO HUMANO,27/07/2022,26/08/2022,,"-"
65,Ibitiara,ESTRADA REGIÃO LARGO,-42.192221,-12.499721,3,Chapada Diamantina,2913002,ESTRADA REGIÃO LARGO,07/08/2023,FISSURAL,NÃO INFORMADO,"150","12,77",VAZÃO APROVEITÁVEL,"445","71","200","1,73","<0,10","1","<0,10",<Null>,"1,73","6,27","6,29","4,21",ADEQUADA PARA CONSUMO HUMANO,02/09/2023,17/10/2023,,"-"
66,Lençóis,SÃO JOSÉ,-41.2,-12.495833,3,Chapada Diamantina,2919306,SÃO JOSÉ,06/09/2024,FISSURAL,NÃO INFORMADO,"132","13,89",VAZÃO APROVEITÁVEL,"319","48,7","228","0,49","<0,01","5","<0,10","0,011","0,49","8,18","11,3",<Null>,ADEQUADA PARA CONSUMO HUMANO,20/09/2024,13/10/2024,,"-"
67,Boquira,BATATEIRA,-42.67611,-12.645555,12,Bacia do Paramirim,2904100,BATATEIRA,27/08/2020,FISSURAL,NÃO INFORMADO,"100","13,9",VAZÃO APROVEITÁVEL,"83,3","4,18","33","1,27","<0,07","<5,00","0,07","0,003","1,27","7,45","1,58","0,51",ADEQUADA PARA CONSUMO HUMANO,04/12/2020,04/01/2021,,"-"
68,Lençóis,POÇO SEDE 1 - TANQUINHO DE LENÇÓIS,-41.329166,-12.490277,3,Chapada Diamantina,2919306,POÇO SEDE 1 - TANQUINHO DE LENÇÓIS,13/09/2023,FISSURAL,NÃO INFORMADO,"123","14,67",VAZÃO APROVEITÁVEL,"100","17,75","15","<0,10","<0,10","1","<0,10",<Null>,"<0,10","7,04",<Null>,"7,06",ADEQUADA PARA CONSUMO HUMANO,17/09/2023,17/10/2023,,"-"
69,Biritinga,BOA VISTA DOIS,-38.748888,-11.570554,4,Sisal,2903607,BOA VISTA DOIS,19/11/2023,LIVRE,NÃO INFORMADO,"217","14,94",VAZÃO APROVEITÁVEL,"267,6","44,38","25","0,45","<0,10","1","0,24",<Null>,"0,45","6,41","25,09","3,02",ADEQUADA PARA CONSUMO HUMANO,02/12/2023,11/12/2023,,"-"
70,Seabra,POÇO 13-A - MUCAMBO LARANJEIRA,-41.82111,-12.456944,3,Chapada Diamantina,2929909,POÇO 13-A - MUCAMBO LARANJEIRA,02/12/2023,FISSURAL,NÃO INFORMADO,"174","15,23",VAZÃO APROVEITÁVEL,"133","27","78,2","1,39","0,0598","5","<0,05",<Null>,"1,39","7,52","11,4","7,2",ADEQUADA PARA CONSUMO HUMANO,11/12/2023,06/02/2024,,"-"
71,Mortugaba,SEDE,-42.32111,-15.08611,20,Sudoeste Baiano,2921807,SEDE,13/11/2020,LIVRE,NÃO INFORMADO,"95,3","15,23",VAZÃO APROVEITÁVEL,"16,7","0,98","4,9","0,233","0,11","<5,00","<0,01","0,012","0,233","6,4",<Null>,"1,24",ADEQUADA PARA CONSUMO HUMANO,17/11/2020,04/01/2021,,"-"
72,Sento Sé,BREJO DE DENTRO,-41.045555,-9.592777,10,Sertão do São Francisco,2930204,BREJO DE DENTRO,17/01/2023,FISSURAL,ABASTECIMENTO HUMANO,"68","15,98",VAZÃO APROVEITÁVEL,"341","18,8","146","0,744","<0,08",<5,"0,0577","0,08","0,744","7,41","4,52",<Null>,ADEQUADA PARA CONSUMO HUMANO,29/05/2023,03/07/2023,,"-"
73,Paratinga,OLHO D'ÁGUA,-43.066388,-12.441944,2,Velho Chico,2923704,OLHO D'ÁGUA,14/08/2021,FISSURAL,NÃO INFORMADO,"63","16,16",VAZÃO APROVEITÁVEL,"397","57,4","312","3,13","<0,07","7","0,03",<Null>,"3,13","6,87","0,86","0,52",ADEQUADA PARA CONSUMO HUMANO,19/08/2021,15/09/2021,,"-"
74,Gentio do Ouro,GAMELEIRA DO ASSURUA,-42.655555,-11.303333,1,Irecê,2911303,GAMELEIRA DO ASSURUA,29/11/2023,FISSURAL,ABASTECIMENTO HUMANO,"90","16,74",VAZÃO APROVEITÁVEL,"120","37,5","28,1","1,42","<0,01","5","<0,05","0,061","1,42","6,38","1,46","0,75",ADEQUADA PARA CONSUMO HUMANO,08/12/2023,02/02/2024,,"-"
75,Seabra,VEREDINHA - LOCAÇÃO 4,-41.891944,-12.431943,3,Chapada Diamantina,2929909,VEREDINHA - LOCAÇÃO 4,09/02/2024,FISSURAL,NÃO INFORMADO,"147","16,85",VAZÃO APROVEITÁVEL,"39","7,17","11,2","0,47","0,125","5","<0,05","0,054","0,47","6,47","2,04","0,1",ADEQUADA PARA CONSUMO HUMANO,15/02/2024,20/03/2024,,"-"
76,Urandi,CANUDOS,-42.6575,-14.594721,13,Sertão Produtivo,2932606,CANUDOS,25/11/2023,FISSURAL,NÃO INFORMADO,"108","17,6",VAZÃO APROVEITÁVEL,"499","89,7","301","0,57","<0,01","5","1,3","0,075","0,57","6,55","52,5","0,1",ADEQUADA PARA CONSUMO HUMANO,16/02/2024,20/03/2024,,"-"
77,Seabra,VEREDINHA - SEDE 26 A,-41.890833,-12.442777,3,Chapada Diamantina,2929909,VEREDINHA - SEDE 26 A,30/11/2022,FISSURAL,NÃO INFORMADO,"150","18",VAZÃO APROVEITÁVEL,"28,7","6,6","4,5","0,25","<0,07","<5,00","<0,0033","0,014","0,25","7,55","0,03","0,62",ADEQUADA PARA CONSUMO HUMANO,09/12/2022,29/12/2022,,"-"
78,Palmeiras,RIBEIRÃO,-41.668888,-12.652222,3,Chapada Diamantina,2923506,RIBEIRÃO,05/09/2023,FISSURAL,ABASTECIMENTO HUMANO,"76","18,86",VAZÃO APROVEITÁVEL,"180","17,75","15","<0,10","<0,10","6,67","<0,10",<Null>,"<0,10","7,97",<Null>,"0,97",ADEQUADA PARA CONSUMO HUMANO,09/09/2023,17/10/2023,,"-"
79,Gentio do Ouro,PEDRA VERMELHA,-42.736388,-11.048333,1,Irecê,2911303,PEDRA VERMELHA,18/01/2024,FISSURAL,ABASTECIMENTO HUMANO,"122","20",VAZÃO APROVEITÁVEL,"35","4,14","6,55","1,09","<0,01","5","<0,05","0,01","1,09","5,5",<Null>,"0,1",ADEQUADA PARA CONSUMO HUMANO,12/03/2024,10/05/2024,,"-"
80,Seabra,POVOADO LARANJEIRA,-41.836666,-12.441388,3,Chapada Diamantina,2929909,POVOADO LARANJEIRA,09/12/2023,FISSURAL,NÃO INFORMADO,"129","20,31",VAZÃO APROVEITÁVEL,"116","27,6","33,4","1,59","<0,01","5","<0,05",<Null>,"1,59","7,37","1,13","0,4",ADEQUADA PARA CONSUMO HUMANO,14/12/2023,06/02/2024,,"-"
81,Ibitiara,POVOADO DE TAMBORIL- SEDE 15-A,-42.18111,-12.520554,3,Chapada Diamantina,2913002,POVOADO DE TAMBORIL- SEDE 15-A,31/10/2023,FISSURAL,ABASTECIMENTO HUMANO,"150","22,63",VAZÃO APROVEITÁVEL,"177","26,63","85","1","<0,10","1","<0,10",<Null>,"1","6,23","38,67",<Null>,ADEQUADA PARA CONSUMO HUMANO,10/11/2023,11/12/2023,,"-"
82,Feira da Mata,PEDRA FURADA,-44.247221,-13.98111,2,Velho Chico,2910776,PEDRA FURADA,02/08/2023,FISSURAL,ABASTECIMENTO HUMANO,"80","22,63",VAZÃO APROVEITÁVEL,"410","29,18","285","4,7799","0,11",<5,"0,13",<Null>,"4,7799","7,14","7,64","3,08",ADEQUADA PARA CONSUMO HUMANO,18/08/2023,25/09/2023,,"-"
83,Ibitiara,POVOADO DE TAMBORIL,-42.17861,-12.527499,3,Chapada Diamantina,2913002,POVOADO DE TAMBORIL,15/06/2022,FISSURAL,ABASTECIMENTO HUMANO,"102","26,4",VAZÃO APROVEITÁVEL,"240","3,25","195","<0,1","0,00721","5","<0,1","0,0976","<0,1","7,55",<Null>,"1,98",ADEQUADA PARA CONSUMO HUMANO,28/07/2022,26/08/2022,,"-"
84,Ituaçu,SEDE,-41.29361,-13.801666,13,Sertão Produtivo,2917201,SEDE,18/12/2019,FISSURAL,ABASTECIMENTO HUMANO,"120","26,4",VAZÃO APROVEITÁVEL,"114","12,3","53,3","0,12","0,17","10","0,02","0,019","0,12","7,72","20,8","2,24",ADEQUADA PARA CONSUMO HUMANO,03/02/2020,20/02/2020,,"-"
85,Riacho de Santana,JUÁ,-43.156666,-13.458333,2,Velho Chico,2926400,JUÁ,06/08/2021,FISSURAL,NÃO INFORMADO,"70","28,28",VAZÃO APROVEITÁVEL,"399","142","250","<=2,0",I.D,<Null>,"0,41",<Null>,"<=2,0",<Null>,<Null>,"1,1",ADEQUADA PARA CONSUMO HUMANO,12/08/2021,<Null>,,"-"
86,Tucano,PEDRA GRANDE DO CURTUME,-38.767221,-11.080277,4,Sisal,2931905,PEDRA GRANDE DO CURTUME,03/12/2023,LIVRE,NÃO INFORMADO,"118","31,68",VAZÃO APROVEITÁVEL,"300","58,1","75,9","0,15","<0,01","5","0,31","0,012","0,15","7,83","32,2","0,55",ADEQUADA PARA CONSUMO HUMANO,13/12/2023,06/02/2024,,"-"
87,Palmeiras,CAPÃO DOIS,-41.507222,-12.609444,3,Chapada Diamantina,2923506,CAPÃO DOIS,07/04/2021,FISSURAL,ABASTECIMENTO HUMANO,"120","33",VAZÃO APROVEITÁVEL,"22","4,2","5,94","0,2","0,11","<5,00","<0,10","0,0297","0,2","6,53",<Null>,"2,33",ADEQUADA PARA CONSUMO HUMANO,19/04/2021,26/05/2021,,"-"
88,Tucano,MASSAPÊ,-38.636388,-11.07861,4,Sisal,2931905,MASSAPÊ,16/11/2023,LIVRE,ABASTECIMENTO HUMANO,"145","34,39",VAZÃO APROVEITÁVEL,"480,6","124,25","200","4,55","<0,10","1","<0,10",<Null>,"4,55","5,83",<Null>,"2,22",ADEQUADA PARA CONSUMO HUMANO,20/11/2023,11/12/2023,,"-"
89,Riacho de Santana,PAUL,-42.761666,-13.639444,2,Velho Chico,2926400,PAUL,04/08/2021,FISSURAL,NÃO INFORMADO,"120","34,43",VAZÃO APROVEITÁVEL,"45","18","35","<=2,00",I.D,<Null>,"<=0,20",<Null>,"<=2,00",<Null>,<Null>,"1,2",ADEQUADA PARA CONSUMO HUMANO,12/08/2021,<Null>,,"-"
90,Morro do Chapéu,POÇO SEDE 22,-41.161944,-11.553888,3,Chapada Diamantina,2921708,POÇO SEDE 22,13/02/2024,FISSURAL,NÃO INFORMADO,"70","35",VAZÃO APROVEITÁVEL,"180","34,9","62,6","9,56","<0,01","5","0,25","0,055","9,56",<Null>,"28,6","0,1",ADEQUADA PARA CONSUMO HUMANO,19/02/2024,23/03/2024,,"-"
91,Barra,CAMPO ALEGRE,-42.955555,-10.621388,2,Velho Chico,2902708,CAMPO ALEGRE,01/03/2021,LIVRE,NÃO INFORMADO,"50","39,6",VAZÃO APROVEITÁVEL,"173","30,9","88,9","<0,1","0,244","5","<0,1","0,0537","<0,1","6,51","44,8","3,53",ADEQUADA PARA CONSUMO HUMANO,23/04/2021,19/05/2021,,"-"
92,Tucano,MATO VERDE,-38.816666,-10.969443,4,Sisal,2931905,MATO VERDE,02/12/2020,LIVRE,NÃO INFORMADO,"150,5","44",VAZÃO APROVEITÁVEL,"127","14,6","44,5","0,155","0,07","5","0,1","0,005","0,155","7,44","11,5","1,15",ADEQUADA PARA CONSUMO HUMANO,05/12/2020,04/01/2021,,"-"
93,Iraquara,RIACHO DO MEL SEDE I-A,-41.494999,-12.332777,3,Chapada Diamantina,2914406,RIACHO DO MEL SEDE I-A,06/11/2021,FISSURAL,NÃO INFORMADO,"51","52,8",VAZÃO APROVEITÁVEL,"183","19,3","140","0,11","0,154","<5,00","<0,10","0,0163","0,11","7,53",<Null>,"1,89",ADEQUADA PARA CONSUMO HUMANO,25/11/2021,22/12/2021,,"-"
94,Araci,FAZENDA SANTANA - ARACI NORTE,-38.773332,-11.123888,4,Sisal,2902104,FAZENDA SANTANA - ARACI NORTE,17/05/2024,CONFINADO,ABASTECIMENTO ANIMAL,"348","88",VAZÃO APROVEITÁVEL,"380","97,5","89,6","0,14","0,0312","5","0,38",<Null>,"0,14","7,75","38,3",<Null>,ADEQUADA PARA CONSUMO HUMANO,22/05/2024,22/06/2024,,"-"
95,Biritinga,SEDE 37,-38.751666,-11.568888,4,Sisal,2903607,SEDE 37,17/09/2023,CONFINADO,NÃO INFORMADO,"444","150",VAZÃO APROVEITÁVEL,"230","44,38","35","0,24","<0,10","1","0,35",<Null>,"0,24","7,5","13,48","1,84",ADEQUADA PARA CONSUMO HUMANO,26/09/2023,04/12/2023,,"-"
96,Araci,OITERO,-38.819721,-11.274443,4,Sisal,2902104,OITERO,19/06/2021,CONFINADO,NÃO INFORMADO,"397,37","150",VAZÃO APROVEITÁVEL,"361","80","49,4","0,29","0,0634",<5,"0,41","0,0053","0,29","7,46","31,9","0,88",ADEQUADA PARA CONSUMO HUMANO,25/06/2021,15/07/2021,,"-"
97,Barra,MUTUCA,-43.231943,-10.769999,2,Velho Chico,2902708,MUTUCA,21/09/2020,LIVRE,NÃO INFORMADO,"64",<Null>,VAZÃO APROVEITÁVEL,"58","4,27","10,1","1,41","<0,07","13","<0,01","0,005","1,41","7,02","0,35","3,25",ADEQUADA PARA CONSUMO HUMANO,07/10/2020,25/11/2020,,"-"
98,Vitória da Conquista,CASE WANDERLINO NOGUEIRA NETO,-40.797499,-14.865277,20,Sudoeste Baiano,2933307,CASE WANDERLINO NOGUEIRA NETO,13/05/2021,MISTO,ABASTECIMENTO HUMANO,"150","0,91",VAZÃO APROVEITÁVEL,"162","9,9","37,1","0,14","0,341","<5,00","0,69","0,0682","0,14","7,69","6,11","0,92",INADEQUADA PARA CONSUMO HUMANO,15/06/2021,13/07/2021,,"-"
99,Morro do Chapéu,CARAÍBAS,-41.224999,-11.513611,3,Chapada Diamantina,2921708,CARAÍBAS,15/03/2024,FISSURAL,NÃO INFORMADO,"120","7,47",VAZÃO APROVEITÁVEL,"209","23,3","172",<1,"<0,01","5","<0,05",<Null>,<1,"7,93","1,69","0,25",INADEQUADA PARA CONSUMO HUMANO,30/03/2024,10/05/2024,,"-"
100,Xique-Xique,VEREDA DA BARBOSA,-42.406944,-10.337221,1,Irecê,2933604,VEREDA DA BARBOSA,23/09/2021,FISSURAL,NÃO INFORMADO,"150","0,58",VAZÃO APROVEITÁVEL,"266","26,7","72,2","14,6","0,189",<5,"0,49","0,811","14,6","7,79",<Null>,<Null>,UTILIZÁVEL APÓS TRATAMENTO,07/10/2021,26/10/2021,,"-"
101,Boninal,MINISTRO,-41.796944,-12.806388,3,Chapada Diamantina,2904001,MINISTRO,03/04/2023,FISSURAL,ABASTECIMENTO HUMANO,"95","0,61",VAZÃO APROVEITÁVEL,"96,7","16,1","3,3","0,043","2,08","217","0,0114",<Null>,"0,043","5,74","0,64","23,2",UTILIZÁVEL APÓS TRATAMENTO,02/05/2023,22/06/2023,,"-"
102,Caetité,PAU FERRO DE SANTA LUZIA,-42.391666,-14.175554,13,Sertão Produtivo,2905206,PAU FERRO DE SANTA LUZIA,18/02/2020,FISSURAL,NÃO INFORMADO,"120","0,75",VAZÃO APROVEITÁVEL,"320","70,9","169","0,005","0,21","34","0,38","0,522","0,005","7,47","1,54","1,54",UTILIZÁVEL APÓS TRATAMENTO,22/02/2020,24/03/2020,,"-"
103,Boquira,MALHADA,-42.779999,-12.861388,12,Bacia do Paramirim,2904100,MALHADA,04/08/2020,FISSURAL,NÃO INFORMADO,"162","0,89",VAZÃO APROVEITÁVEL,"331","46,4","248","2,05","0,37",<5,"0,01","0,437","2,05","8,39","2,36","2,69",UTILIZÁVEL APÓS TRATAMENTO,16/12/2020,21/01/2021,,"-"
104,Ibotirama,TIXINHAS,-43.258333,-12.093888,2,Velho Chico,2913200,TIXINHAS,20/09/2022,FISSURAL,ABASTECIMENTO HUMANO,"124","0,9",VAZÃO APROVEITÁVEL,"70","35,9","17,4","<0,003","0,42","61","<0,0033",<Null>,"<0,003","6,73","10,3","2,47",UTILIZÁVEL APÓS TRATAMENTO,17/02/2023,04/04/2023,,"-"
105,Guajeru,CANCELA DOIS,-42.62361,-14.62361,20,Sudoeste Baiano,2911659,CANCELA DOIS,26/10/2021,FISSURAL,NÃO INFORMADO,"90","1",VAZÃO APROVEITÁVEL,"500","117","159","14,6","0,426",<5,"0,22","0,119","14,6","7,48","13,4","9,32",UTILIZÁVEL APÓS TRATAMENTO,19/11/2021,24/12/2021,,"-"
106,Caetité,CARAÍBAS DE SANTA LUZIA,-42.384721,-14.225554,13,Sertão Produtivo,2905206,CARAÍBAS DE SANTA LUZIA,16/02/2020,FISSURAL,NÃO INFORMADO,"120","1,05",VAZÃO APROVEITÁVEL,"422","78,4","159","0,101","1,04","29","1,52","1,31","0,101","7,22","7,15","4,45",UTILIZÁVEL APÓS TRATAMENTO,21/02/2020,24/03/2020,,"-"
107,Ruy Barbosa,TAPIRAÍPE - SEDE1,-40.865833,-12.13861,14,Piemonte do Paraguaçu,2927200,TAPIRAÍPE - SEDE1,19/06/2021,LIVRE / FISSURAL,NÃO INFORMADO,"140","1,12",VAZÃO APROVEITÁVEL,"245","46,6","34,8","<0,003","0,22","10","0,19","0,117","<0,003","8,12","16,1","1,21",UTILIZÁVEL APÓS TRATAMENTO,05/07/2021,26/07/2021,,"-"
108,Seabra,LAJINHA,-41.813055,-12.397499,3,Chapada Diamantina,2929909,LAJINHA,24/05/2023,FISSURAL,ABASTECIMENTO HUMANO,"147","1,15",VAZÃO APROVEITÁVEL,"107","33,71","15,9","0,67348","0,18",<5,"<0,100",<Null>,"0,67348","4,81","1,02",<Null>,UTILIZÁVEL APÓS TRATAMENTO,01/08/2023,15/09/2023,,"-"
109,Pilão Arcado,LAGOA DO BENEDITO,-42.809722,-9.956944,10,Sertão do São Francisco,2924405,LAGOA DO BENEDITO,10/12/2019,MISTO,NÃO INFORMADO,"150","1,28",VAZÃO APROVEITÁVEL,"390","86,8","137","0,226","<0,07","16","0,21","0,038","0,226","8,28","22,4","1,74",UTILIZÁVEL APÓS TRATAMENTO,20/07/2020,05/08/2020,,"-"
110,Piatã,SÃO JOSÉ,-41.720554,-13.050833,3,Chapada Diamantina,2924306,SÃO JOSÉ,03/05/2023,FISSURAL,NÃO INFORMADO,"110","1,3",VAZÃO APROVEITÁVEL,"162","32,7","51,2","0,258","<0,08","111","0,2345","3,89","0,258","6,56","8,31","17,9",UTILIZÁVEL APÓS TRATAMENTO,06/05/2023,22/06/2023,,"-"
111,Ituaçu,SEDE,-41.298888,-13.799166,13,Sertão Produtivo,2917201,SEDE,04/02/2020,FISSURAL,NÃO INFORMADO,"143","1,43",VAZÃO APROVEITÁVEL,"99,3","18,8","21,3","<0,003","1,28","182","0,01","0,037","<0,003","6,94","6,07","44,8",UTILIZÁVEL APÓS TRATAMENTO,06/02/2020,17/03/2020,,"-"
112,Tremedal,ARAÇÁ,-41.555277,-15.072499,20,Sudoeste Baiano,2931806,ARAÇÁ,09/04/2022,FISSURAL,NÃO INFORMADO,"150","1,54",VAZÃO APROVEITÁVEL,"236","58,1","29,9","0,1","0,283","17","0,48","0,00594","0,1","7,2","12,9","52,8",UTILIZÁVEL APÓS TRATAMENTO,25/04/2022,03/06/2022,,"-"
113,Riacho de Santana,RIO DO TANQUE,-42.751944,-13.633054,2,Velho Chico,2926400,RIO DO TANQUE,21/02/2020,FISSURAL,NÃO INFORMADO,"177","1,55",VAZÃO APROVEITÁVEL,"119","3,49","28,5","<0,003","0,61","36","0,11","0,035","<0,003","7,11","1,5","0,44",UTILIZÁVEL APÓS TRATAMENTO,07/03/2020,02/04/2020,,"-"
114,Macaúbas,VILA AÇUDE (POÇO II),-42.537777,-13.013333,12,Bacia do Paramirim,2919801,VILA AÇUDE (POÇO II),21/03/2021,FISSURAL,NÃO INFORMADO,"150","1,62",VAZÃO APROVEITÁVEL,"383","72,7","182","1,97","<0,05","7","1,45","0,071","1,97","8,48","32,2","0,8",UTILIZÁVEL APÓS TRATAMENTO,06/04/2021,12/05/2021,,"-"
115,Palmeiras,TIJUCO,-41.568332,-12.708055,3,Chapada Diamantina,2923506,TIJUCO,12/04/2022,FISSURAL,NÃO INFORMADO,"100","1,63",VAZÃO APROVEITÁVEL,"175","6,9","18,6","0,215","0,3","765","<0,01","0,058","0,215","7,43","0,34","122",UTILIZÁVEL APÓS TRATAMENTO,16/07/2022,18/08/2022,,"-"
116,Guanambi,MORRO PELADO,-42.834999,-14.257222,13,Sertão Produtivo,2911709,MORRO PELADO,25/02/2023,FISSURAL,ABASTECIMENTO HUMANO,"100","1,69",VAZÃO APROVEITÁVEL,"416","110","186","3,31","0,0424",<5,"1,96","0,00483","3,31","7,48","20,7","1,9",UTILIZÁVEL APÓS TRATAMENTO,29/03/2023,26/04/2023,,"-"
117,Piatã,RIACHO DOS PORCOS OU PORCOS,-41.913333,-12.829166,3,Chapada Diamantina,2924306,RIACHO DOS PORCOS OU PORCOS,13/10/2020,FISSURAL,NÃO INFORMADO,"150","1,69",VAZÃO APROVEITÁVEL,"30,3","8,33","4,2","0,461","0,35","16","0,02","0,075","0,461","6,16","0,93","1,22",UTILIZÁVEL APÓS TRATAMENTO,14/04/2021,12/05/2021,,"-"
118,Ibotirama,ALTO DO CAJÚ,-43.293333,-11.906388,2,Velho Chico,2913200,ALTO DO CAJÚ,12/07/2023,FISSURAL,ABASTECIMENTO HUMANO,"147","1,87",VAZÃO APROVEITÁVEL,"133","3,04","41,4","0,0226","0,6","13","0,17","0,16","0,0226","7,78","0,15","0,77",UTILIZÁVEL APÓS TRATAMENTO,09/08/2023,25/09/2023,,"-"
119,Casa Nova,SERRA DA PIMENTA,-40.894166,-9.216943,10,Sertão do São Francisco,2907202,SERRA DA PIMENTA,27/10/2020,FISSURAL,NÃO INFORMADO,"120","1,89",VAZÃO APROVEITÁVEL,"47","4,44","12,5","<0,10","1,02","15","<0,10","0,0424","<0,10","7,47","1,44","3,13",UTILIZÁVEL APÓS TRATAMENTO,20/10/2022,23/11/2022,,"-"
120,Condeúba,BREJO,-41.872777,-14.791944,20,Sudoeste Baiano,2908705,BREJO,20/06/2022,FISSURAL,ABASTECIMENTO HUMANO,"120","2,01",VAZÃO APROVEITÁVEL,"85,3","11,6","15,6","0,012","9,35","246","0,19","0,667","0,012","5,89","2,06","20,2",UTILIZÁVEL APÓS TRATAMENTO,30/06/2022,18/08/2022,,"-"
121,Caraíbas,VENTANIA,-41.327221,-14.518054,20,Sudoeste Baiano,2906899,VENTANIA,22/05/2023,FISSURAL,ABASTECIMENTO HUMANO,"160","2,03",VAZÃO APROVEITÁVEL,"483","78,5","170","14,5","<0,08",<5,"0,1504","0,03","14,5","7,54","16,1",<Null>,UTILIZÁVEL APÓS TRATAMENTO,28/05/2023,03/07/2023,,"-"
122,Poções,PIEDADE,-40.411944,-14.4625,20,Sudoeste Baiano,2925105,PIEDADE,31/10/2021,FISSURAL,NÃO INFORMADO,"90","2,03",VAZÃO APROVEITÁVEL,"112","458","56","0,003","0,45","88","0,0033","1,3","0,003","6,9","0,88","21,5",UTILIZÁVEL APÓS TRATAMENTO,01/11/2021,11/03/2022,,"-"
123,Barra do Choça,INGAZEIRA,-40.524999,-14.772221,20,Sudoeste Baiano,2902906,INGAZEIRA,14/10/2020,FISSURAL,NÃO INFORMADO,"62","2,07",VAZÃO APROVEITÁVEL,"202","61,1","73,7","0,17","0,903","<5,00","0,16","1,68","0,17","8,01","6,65","1,54",UTILIZÁVEL APÓS TRATAMENTO,23/11/2021,29/12/2021,,"-"
124,Anagé,TANQUE,-40.89361,-14.551111,20,Sudoeste Baiano,2901205,TANQUE,24/02/2023,FISSURAL,ABASTECIMENTO HUMANO,"102","2,2",VAZÃO APROVEITÁVEL,"390","124","153","0,74","0,0392",<5,"0,16","1,58","0,74","6,9","11,6","2,7",UTILIZÁVEL APÓS TRATAMENTO,04/03/2023,28/04/2023,,"-"
125,Juazeiro,CAMPO FORMOSO,-39.913055,-9.227777,10,Sertão do São Francisco,2918407,CAMPO FORMOSO,18/11/2020,FISSURAL,NÃO INFORMADO,"90","2,23",VAZÃO APROVEITÁVEL,"302","36,4","154","0,74","0,42","5","0,61",<Null>,"0,74","7,69","27,5","0,85",UTILIZÁVEL APÓS TRATAMENTO,15/12/2020,03/02/2021,,"-"
126,Cândido Sales,LAGOA NOVA,-41.311666,-15.21861,20,Sudoeste Baiano,2906709,LAGOA NOVA,17/10/2020,FISSURAL,NÃO INFORMADO,"150","2,26",VAZÃO APROVEITÁVEL,"194","16,1","82,7","0,397","0,11","<5,00","0,38","0,111","0,397","8,87","12","1,32",UTILIZÁVEL APÓS TRATAMENTO,13/12/2020,11/03/2021,,"-"
127,Piripá,LAGOA DE CIMA,-41.770832,-14.992777,20,Sudoeste Baiano,2924702,LAGOA DE CIMA,28/09/2020,FISSURAL,NÃO INFORMADO,"91","2,31",VAZÃO APROVEITÁVEL,"76","4,5","20,8","0,118","0,692","52","0,04","0,353","0,118","7,58","2,25","7,1",UTILIZÁVEL APÓS TRATAMENTO,18/03/2021,28/04/2021,,"-"
128,Encruzilhada,CABECEIRA DO RIO DOS CURRAIS,-40.678332,-15.586666,20,Sudoeste Baiano,2910404,CABECEIRA DO RIO DOS CURRAIS,03/04/2023,FISSURAL,NÃO INFORMADO,"150","2,48",VAZÃO APROVEITÁVEL,"138","26,33","49,05","<0,003","0,33","15","<0,0033","0,08","<0,003","6,96","1,09","2,04",UTILIZÁVEL APÓS TRATAMENTO,22/06/2023,14/08/2023,,"-"
129,Boninal,CAPÃO DO JACU,-41.693333,-12.893333,3,Chapada Diamantina,2904001,CAPÃO DO JACU,31/03/2023,FISSURAL,ABASTECIMENTO HUMANO,"102","2,66",VAZÃO APROVEITÁVEL,"38,7","2,81",<Null>,"0,095","<0,08","22","0,0556",<Null>,"0,095","5,65","0,37","0,62",UTILIZÁVEL APÓS TRATAMENTO,04/05/2023,22/06/2023,,"-"
130,Cândido Sales,ÁGUA VERDE,-41.158611,-15.328054,20,Sudoeste Baiano,2906709,ÁGUA VERDE,04/03/2023,FISSURAL,ABASTECIMENTO HUMANO,"150","2,81",VAZÃO APROVEITÁVEL,"287","100","137","<0,55","<0,07","5","6,02","0,08","<0,55","7,42","12",<Null>,UTILIZÁVEL APÓS TRATAMENTO,02/04/2023,22/05/2023,,"-"
131,Palmeiras,CRUZ DO MEIO,-41.616388,-12.655833,3,Chapada Diamantina,2923506,CRUZ DO MEIO,28/10/2020,MISTO,NÃO INFORMADO,"78","2,81",VAZÃO APROVEITÁVEL,"164","35,8","71,3","0,151","<0,050","49","0,02","0,2","0,151","6,27","2,25","6,1",UTILIZÁVEL APÓS TRATAMENTO,21/03/2021,15/04/2021,,"-"
132,Tanhaçu,TAPAGEM,-41.17361,-13.966388,13,Sertão Produtivo,2931004,TAPAGEM,12/06/2023,FISSURAL,ABASTECIMENTO HUMANO,"100","2,88",VAZÃO APROVEITÁVEL,"476","208,3","297,4","0,92","0,1",<5,"<0,0033","0,97","0,92","6,6","43,2","0,92",UTILIZÁVEL APÓS TRATAMENTO,29/06/2023,14/08/2023,,"-"
133,Bonito,CAPÃO DAS ANTAS,-41.2525,-12.002777,3,Chapada Diamantina,2904050,CAPÃO DAS ANTAS,05/10/2020,FISSURAL,NÃO INFORMADO,"72","2,88",VAZÃO APROVEITÁVEL,"22","3,71",<Null>,"0,086","0,51","23","<0,01","0,029","0,086","6,92","0,69","6,81",UTILIZÁVEL APÓS TRATAMENTO,31/10/2020,17/12/2020,,"-"
134,Sento Sé,POÇO DO ANGICO MELGUEIRA,-41.107222,-9.572777,10,Sertão do São Francisco,2930204,POÇO DO ANGICO MELGUEIRA,10/10/2023,FISSURAL,ABASTECIMENTO HUMANO,"120","2,89",VAZÃO APROVEITÁVEL,"380","71","200","12,2","<0,10","1","0,14",<Null>,"12,2","7,35","7,06",<Null>,UTILIZÁVEL APÓS TRATAMENTO,14/10/2023,05/12/2023,,"-"
135,Bom Jesus da Lapa,ASSENTAMENTO CAMPO GRANDE UM,-43.339999,-12.977777,2,Velho Chico,2903904,ASSENTAMENTO CAMPO GRANDE UM,24/01/2020,FISSURAL,NÃO INFORMADO,"150","2,95",VAZÃO APROVEITÁVEL,"95,3","1,23","81,1","<0,003","0,28","27","0,08","0,118","<0,003","7,14","0,22","0,62",UTILIZÁVEL APÓS TRATAMENTO,01/03/2020,31/03/2020,,"-"
136,Boninal,LARANJO,-41.706666,-12.843333,3,Chapada Diamantina,2904001,LARANJO,02/04/2023,FISSURAL,ABASTECIMENTO HUMANO,"90","3,02",VAZÃO APROVEITÁVEL,"41,3","5,2","5,9","0,236","<0,08","38","0,0125",<Null>,"0,236","6,04","1,22","3,52",UTILIZÁVEL APÓS TRATAMENTO,03/05/2023,22/06/2023,,"-"
137,Vitória da Conquista,LAGOA DO MULATINHO,-40.851388,-14.617221,20,Sudoeste Baiano,2933307,LAGOA DO MULATINHO,24/11/2020,FISSURAL,ABASTECIMENTO HUMANO,"112","3,02",VAZÃO APROVEITÁVEL,"269","62,9","32,5","2,98","0,104","<5,00","<0,10","0,122","2,98","6,6","6,13","1,01",UTILIZÁVEL APÓS TRATAMENTO,21/11/2021,24/12/2021,,"-"
138,Barra do Mendes,VOLTA DE ABDON,-42.025277,-12.231666,1,Irecê,2903003,VOLTA DE ABDON,23/11/2023,FISSURAL,ABASTECIMENTO HUMANO,"150","3,09",VAZÃO APROVEITÁVEL,"218","58,4","119","0,31","0,11","5","0,12","0,677","0,31","7,3","7,59","0,9",UTILIZÁVEL APÓS TRATAMENTO,11/12/2023,02/02/2024,,"-"
139,Contendas do Sincorá,ESPÍRITO SANTO,-41.234166,-13.782221,13,Sertão Produtivo,2908804,ESPÍRITO SANTO,01/11/2022,FISSURAL,ABASTECIMENTO HUMANO,"145","3,1",VAZÃO APROVEITÁVEL,"59,3","35,8","13,2","<0,003","0,33",<5,"<0,0033","0,007","<0,003","5,76","2,54",<Null>,UTILIZÁVEL APÓS TRATAMENTO,25/02/2023,04/04/2023,,"-"
140,Boninal,PASTINHO,-41.796388,-12.7,3,Chapada Diamantina,2904001,PASTINHO,27/07/2021,FISSURAL,NÃO INFORMADO,"68","3,15",VAZÃO APROVEITÁVEL,"88,4","18,2","38,4","0,445","<0,07","19","0,06","0,319","0,445","7,03","3,92","3,01",UTILIZÁVEL APÓS TRATAMENTO,12/08/2021,15/09/2021,,"-"
141,Boninal,PICOS,-41.731666,-12.908611,3,Chapada Diamantina,2904001,PICOS,13/11/2022,FISSURAL,ABASTECIMENTO HUMANO,"90","3,25",VAZÃO APROVEITÁVEL,"48,7","12","7,8","<0,11","0,46","57","<0,020","7,8","<0,11","4,73","1,2","10",UTILIZÁVEL APÓS TRATAMENTO,07/03/2023,06/04/2023,,"-"
142,Vitória da Conquista,PERIQUITO,-40.776388,-15.034999,20,Sudoeste Baiano,2933307,PERIQUITO,20/05/2022,FISSURAL,ABASTECIMENTO HUMANO,"120","3,45",VAZÃO APROVEITÁVEL,"142","12,7","39,9","0,26","<0,08","<5,00","0,1934","0,23","0,26","7,75","1,36","0,58",UTILIZÁVEL APÓS TRATAMENTO,12/05/2023,27/06/2023,,"-"
143,Rafael Jambeiro,FAZENDA NOVA,-39.449721,-12.549721,14,Piemonte do Paraguaçu,2925956,FAZENDA NOVA,07/06/2023,FISSURAL,ABASTECIMENTO HUMANO,"100","3,5",VAZÃO APROVEITÁVEL,"461","188,5","55,28","3,76","0,11","16","<0,0033","0,05","3,76","7,5","63,8","0,48",UTILIZÁVEL APÓS TRATAMENTO,03/07/2023,16/08/2023,,"-"
144,Seabra,SOLIDAO,-42.214166,-12.359444,3,Chapada Diamantina,2929909,SOLIDAO,01/11/2020,FISSURAL,ABASTECIMENTO HUMANO,"100","3,53",VAZÃO APROVEITÁVEL,"249","31,7","65","4,22","2,51","10","0,03","0,182","4,22","7,15","18,9","31,4",UTILIZÁVEL APÓS TRATAMENTO,28/11/2020,04/01/2021,,"-"
145,Sítio do Mato,BOIAO,-43.408333,-12.887499,2,Velho Chico,2930758,BOIAO,23/07/2022,LIVRE / CÁRSTICO,ABASTECIMENTO HUMANO,"150","3,7",VAZÃO APROVEITÁVEL,"460","9,31","198","0,44","0,0923","5","1,34","0,0904","0,44","7,85","40,6","0,54",UTILIZÁVEL APÓS TRATAMENTO,28/07/2022,26/08/2022,,"-"
146,Cândido Sales,BARRA DA LAGOA,-41.133333,-15.516111,20,Sudoeste Baiano,2906709,BARRA DA LAGOA,04/05/2022,FISSURAL,ABASTECIMENTO HUMANO,"120","3,71",VAZÃO APROVEITÁVEL,"161","32,2","45,4","5,38","0,103","5","<0,1","0,102","5,38","7,41","3,31",<Null>,UTILIZÁVEL APÓS TRATAMENTO,05/07/2022,20/09/2022,,"-"
147,Seabra,VEREDINHA - LOCAÇÃO 1,-41.891666,-12.432777,3,Chapada Diamantina,2929909,VEREDINHA - LOCAÇÃO 1,28/01/2024,FISSURAL,ABASTECIMENTO HUMANO,"132","3,81",VAZÃO APROVEITÁVEL,"26","9,19",<Null>,"<0,1","0,863","5","0,35",<Null>,"<0,1","6,37","1,84",<Null>,UTILIZÁVEL APÓS TRATAMENTO,13/02/2024,20/03/2024,,"-"
148,Boquira,PAJEÚ,-42.761666,-12.768332,12,Bacia do Paramirim,2904100,PAJEÚ,09/08/2020,FISSURAL,NÃO INFORMADO,"84","3,81",VAZÃO APROVEITÁVEL,"255","32","92,1","0,005","0,08","5","0,1","0,264","0,005","8,34","7,96","0,64",UTILIZÁVEL APÓS TRATAMENTO,01/12/2020,04/01/2021,,"-"
149,Mortugaba,SEDE,-42.388888,-15.047777,20,Sudoeste Baiano,2921807,SEDE,26/08/2020,FISSURAL,NÃO INFORMADO,"131","3,88",VAZÃO APROVEITÁVEL,"478","61,1","230","0,946","<0,07",<5,"0,85","0,53","0,946","8,51","59,8","0,8",UTILIZÁVEL APÓS TRATAMENTO,16/09/2020,08/10/2020,,"-"
150,Ipupiara,ETA DE IBIPETUM,-42.641944,-11.802777,1,Irecê,2914109,ETA DE IBIPETUM,26/06/2023,FISSURAL,NÃO INFORMADO,"180","3,92",VAZÃO APROVEITÁVEL,"84,7","18,29","15,68","<0,003","0,41","64","<0,0033",<Null>,"<0,003","6,95","6,21","9,65",UTILIZÁVEL APÓS TRATAMENTO,09/07/2023,16/08/2023,,"-"
151,Caetité,BREJINHO DAS AMETISTAS,-42.532499,-14.28361,13,Sertão Produtivo,2905206,BREJINHO DAS AMETISTAS,10/12/2019,FISSURAL,NÃO INFORMADO,"156","4,08",VAZÃO APROVEITÁVEL,"208","11,8","87,1","0,134","0,2","23","0,13","0,066","0,134","8,04","1,22","7,69",UTILIZÁVEL APÓS TRATAMENTO,26/01/2020,18/02/2020,,"-"
152,Brotas de Macaúbas,SANTANA DO OURO,-42.493055,-12.026666,2,Velho Chico,2904506,SANTANA DO OURO,22/04/2023,FISSURAL,ABASTECIMENTO HUMANO,"100","4,1",VAZÃO APROVEITÁVEL,"379","86,5","128","0,007","0,23",<5,"0,1197","1,19","0,007","6,48","9,8","0,62",UTILIZÁVEL APÓS TRATAMENTO,29/05/2023,03/07/2023,,"-"
153,Planalto,CAZUZINHA DOIS OU CARATINGA,-40.417221,-14.383888,20,Sudoeste Baiano,2925006,CAZUZINHA DOIS OU CARATINGA,24/08/2021,FISSURAL,ABASTECIMENTO HUMANO,"75","4,5",VAZÃO APROVEITÁVEL,"195","54,98","20,2","0,65","<0,07","<5,00","0,89","0,508","0,65","7,43","2,14",<Null>,UTILIZÁVEL APÓS TRATAMENTO,03/09/2022,06/10/2022,,"-"
154,Novo Horizonte,TAPERA DE BAIXO,-42.159722,-12.955555,3,Chapada Diamantina,2923035,TAPERA DE BAIXO,28/06/2020,FISSURAL,NÃO INFORMADO,"150","4,55",VAZÃO APROVEITÁVEL,"460","52,4","273","0,062","0,63","257","0,12","0,475","0,062","8,31","10,8","40,6",UTILIZÁVEL APÓS TRATAMENTO,23/08/2020,02/10/2020,,"-"
155,Ibotirama,ALTO DA CRUZINHA,-43.27611,-12.046388,2,Velho Chico,2913200,ALTO DA CRUZINHA,07/07/2022,LIVRE,ABASTECIMENTO HUMANO,"80","4,66",VAZÃO APROVEITÁVEL,"53","1,53","24,1",<1,"3,63","175","<0,01","0,709",<1,"7,5","4,68","81,3",UTILIZÁVEL APÓS TRATAMENTO,23/08/2022,19/09/2022,,"-"
156,Boquira,LAGOA FUNDA,-42.7525,-12.739166,12,Bacia do Paramirim,2904100,LAGOA FUNDA,27/09/2022,FISSURAL,ABASTECIMENTO HUMANO,"100","4,8",VAZÃO APROVEITÁVEL,"417","224,2","144","<0,003","0,44","19","<0,0033","0,476","<0,003","6,29","23,9","2,13",UTILIZÁVEL APÓS TRATAMENTO,07/03/2023,04/04/2023,,"-"
157,Barra da Estiva,LAJEDINHO,-41.292221,-13.570277,3,Chapada Diamantina,2902807,LAJEDINHO,13/06/2023,FISSURAL,ABASTECIMENTO HUMANO,"80","4,95",VAZÃO APROVEITÁVEL,"43,3","8,31","23,3","0,635","0,09","<5,0","<0,100",<Null>,"0,635","5,33","2,88",<Null>,UTILIZÁVEL APÓS TRATAMENTO,27/07/2023,15/09/2023,,"-"
158,Piripá,FAZENDA BARRAS DAS TRÊS PEDRAS,-41.784721,-15.027777,20,Sudoeste Baiano,2924702,FAZENDA BARRAS DAS TRÊS PEDRAS,24/07/2020,FISSURAL,NÃO INFORMADO,"100","5,28",VAZÃO APROVEITÁVEL,"195","8,19","81,8","<0,003","0,42","61","0,16","0,039","<0,003","6,98","8,81","6,52",UTILIZÁVEL APÓS TRATAMENTO,12/08/2020,04/09/2020,,"-"
159,Ituaçu,ESTREITO,-41.296666,-13.929443,13,Sertão Produtivo,2917201,ESTREITO,10/03/2020,FISSURAL,NÃO INFORMADO,"130","5,35",VAZÃO APROVEITÁVEL,"107","13,6","52,3","0,894","0,24","11","0,05","0,109","0,894","7,43","4,77","0,79",UTILIZÁVEL APÓS TRATAMENTO,04/05/2020,16/06/2020,,"-"
160,Ituaçu,RIACHAO,-41.415833,-13.814444,13,Sertão Produtivo,2917201,RIACHAO,09/02/2020,FISSURAL,ABASTECIMENTO HUMANO,"120","5,39",VAZÃO APROVEITÁVEL,"98","9,31","36,1","0,086","0,45","150","0,0347",<Null>,"0,086","6,58","2,21","56",UTILIZÁVEL APÓS TRATAMENTO,11/12/2021,31/01/2022,,"-"
161,Cândido Sales,BAIXINHAS,-41.393055,-15.33611,20,Sudoeste Baiano,2906709,BAIXINHAS,18/03/2023,FISSURAL,ABASTECIMENTO HUMANO,"150","5,46",VAZÃO APROVEITÁVEL,"478","100","45,7","<0,030","<0,07",<5,"5,74","0,009","<0,030","7,57","195",<Null>,UTILIZÁVEL APÓS TRATAMENTO,03/04/2023,22/05/2023,,"-"
162,Piatã,RIO DE CONTAS,-41.684166,-13.103888,3,Chapada Diamantina,2924306,RIO DE CONTAS,21/09/2022,FISSURAL,NÃO INFORMADO,"108","5,73",VAZÃO APROVEITÁVEL,"285","11","203","<0,11","0,38","5","<0,020","0,516","<0,11","7,4","2,7","0,57",UTILIZÁVEL APÓS TRATAMENTO,05/03/2023,06/04/2023,,"-"
163,Barro Alto,SEGREDO,-41.827777,-11.788888,1,Irecê,2903235,SEGREDO,16/02/2022,CÁRSTICO,ABASTECIMENTO HUMANO,"71","5,78",VAZÃO APROVEITÁVEL,"187","352","74","1,23","<0,07","17","0,08",<Null>,"1,23","7,9","12,43","4,69",UTILIZÁVEL APÓS TRATAMENTO,16/02/2022,11/03/2022,,"-"
164,Palmeiras,ESBARRANCADO,-41.539999,-12.709166,3,Chapada Diamantina,2923506,ESBARRANCADO,29/10/2020,FISSURAL,NÃO INFORMADO,"36","5,78",VAZÃO APROVEITÁVEL,"18","2,44",<Null>,"0,116","<0,050","<5,00","<0,01",<Null>,"0,116","5,35","0,51","0,5",UTILIZÁVEL APÓS TRATAMENTO,22/03/2021,12/05/2021,,"-"
165,Contendas do Sincorá,SANTA ROSA,-41.231943,-13.72861,13,Sertão Produtivo,2908804,SANTA ROSA,31/10/2022,FISSURAL,ABASTECIMENTO HUMANO,"100","5,8",VAZÃO APROVEITÁVEL,"84","20,14","25,1","<0,003","<0,07",<5,"<0,0033",<Null>,"<0,003","5,76","11,2",<Null>,UTILIZÁVEL APÓS TRATAMENTO,28/02/2023,04/04/2023,,"-"
166,Andaraí,PAU DE COLHER,-41.326666,-12.563333,3,Chapada Diamantina,2901304,PAU DE COLHER,21/07/2024,FISSURAL,NÃO INFORMADO,"106,5","5,91",VAZÃO APROVEITÁVEL,"271","23,1","229","<0,10","1,03","40","<0,10","0,183","<0,10","8,08",<Null>,"17",UTILIZÁVEL APÓS TRATAMENTO,21/07/2024,13/08/2024,,"-"
167,Ibotirama,ALDEIA INDÍGENA TUXÁ,-43.261666,-12.086666,2,Velho Chico,2913200,ALDEIA INDÍGENA TUXÁ,28/02/2023,FISSURAL,NÃO INFORMADO,"90","6",VAZÃO APROVEITÁVEL,"12","2,7","7,4","1","0,13","6","<0,020",<Null>,"1","5,17","0,98","0,69",UTILIZÁVEL APÓS TRATAMENTO,02/03/2023,06/04/2023,,"-"
168,Ibicoara,BAIXÃO,-41.237499,-13.291388,3,Chapada Diamantina,2912202,BAIXÃO,18/10/2020,FISSURAL,NÃO INFORMADO,"90","6",VAZÃO APROVEITÁVEL,"29,3","9,27","2,2","0,22","0,66","25","0,02",<Null>,"0,22","5,36","1,4","2,76",UTILIZÁVEL APÓS TRATAMENTO,19/05/2021,15/06/2021,,"-"
169,Paratinga,VOLTA DA SERRA,-43.116666,-12.567777,2,Velho Chico,2923704,VOLTA DA SERRA,09/10/2022,FISSURAL,ABASTECIMENTO HUMANO,"140","6,09",VAZÃO APROVEITÁVEL,"56","13","15,7","0,65","0,24",<5,"<0,020","0,131","0,65","5,77","37","0,51",UTILIZÁVEL APÓS TRATAMENTO,27/02/2023,06/04/2023,,"-"
170,Botuporã,PATOS,-42.572499,-13.28861,12,Bacia do Paramirim,2904209,PATOS,05/06/2022,FISSURAL,ABASTECIMENTO HUMANO,"102","6,23",VAZÃO APROVEITÁVEL,"434","188,26","191","2,65","0,17","149","0,45","0,378","2,65","7,3","59,66","13,2",UTILIZÁVEL APÓS TRATAMENTO,07/06/2022,18/07/2022,,"-"
171,Seabra,LAGOA DA BOA VISTA,-41.801944,-12.278332,3,Chapada Diamantina,2929909,LAGOA DA BOA VISTA,25/04/2022,FISSURAL,ABASTECIMENTO HUMANO,"150","6,24",VAZÃO APROVEITÁVEL,"137","54,38","8,3","<0,003","<0,07",<5,"0,05",<Null>,"<0,003","5,77","28,36","1,5",UTILIZÁVEL APÓS TRATAMENTO,18/06/2022,18/07/2022,,"-"
172,Ituaçu,BARBOSA,-41.490833,-13.708055,13,Sertão Produtivo,2917201,BARBOSA,19/02/2020,FISSURAL,NÃO INFORMADO,"150","6,33",VAZÃO APROVEITÁVEL,"206","8,12","132","0,026","0,28","34","0,03","1,23","0,026","8,31","1,93","7,05",UTILIZÁVEL APÓS TRATAMENTO,03/03/2020,24/03/2020,,"-"
173,Mucugê,SEDE,-41.373332,-13.013333,3,Chapada Diamantina,2921906,SEDE,05/10/2021,FISSURAL,NÃO INFORMADO,"35","6,43",VAZÃO APROVEITÁVEL,"38,7","2,01",<Null>,"<0,003","0,69","431","0,004",<Null>,"<0,003","7,23","0,18","42,5",UTILIZÁVEL APÓS TRATAMENTO,18/10/2021,25/11/2021,,"-"
174,Iraquara,MATINHA OU MATINHA DO CERCO,-41.438888,-12.161388,3,Chapada Diamantina,2914406,MATINHA OU MATINHA DO CERCO,31/01/2020,NÃO INFORMADO,NÃO INFORMADO,"120","6,49",VAZÃO APROVEITÁVEL,"135","49,83","9,1","<0,100","<0,07","9","<0,100","1,32","<0,100","6,24","9,69","3,67",UTILIZÁVEL APÓS TRATAMENTO,01/09/2022,06/10/2022,,8386 -
175,Ibotirama,SANTA CRUZ,-43.125554,-12.326943,2,Velho Chico,2913200,SANTA CRUZ,05/09/2022,FISSURAL,ABASTECIMENTO HUMANO,"120","6,6",VAZÃO APROVEITÁVEL,"108","52,9","34,2","<0,003","0,24",<5,"<0,0033","0,03","<0,003","5,79","12,8",<Null>,UTILIZÁVEL APÓS TRATAMENTO,24/02/2023,04/04/2023,,"-"
176,Tanque Novo,PAPAGAIO,-42.569721,-13.472777,13,Sertão Produtivo,2931053,PAPAGAIO,11/12/2019,FISSURAL,NÃO INFORMADO,"54","6,85",VAZÃO APROVEITÁVEL,"166","6,68","71,2","1,95","0,23","29","0,09",<Null>,"1,95","6,41","10,4","7,88",UTILIZÁVEL APÓS TRATAMENTO,17/12/2019,19/02/2020,,"-"
177,Feira da Mata,OLHO D`AGUA,-44.335555,-14.080277,2,Velho Chico,2910776,OLHO D`AGUA,03/06/2022,CÁRSTICO,ABASTECIMENTO HUMANO,"120","6,88",VAZÃO APROVEITÁVEL,"417","113,9","127",<010,"0,19","<5,00","<0,10",<Null>,<010,"7,93","16,1",<Null>,UTILIZÁVEL APÓS TRATAMENTO,24/08/2023,27/09/2023,,"-"
178,Guanambi,QUEIMADAS,-42.954166,-14.261666,13,Sertão Produtivo,2911709,QUEIMADAS,20/06/2020,FISSURAL,NÃO INFORMADO,"80","6,88",VAZÃO APROVEITÁVEL,"448","73,3","304","0,395","0,31","16","5,41","0,786","0,395","7,54","23,3","1,23",UTILIZÁVEL APÓS TRATAMENTO,31/08/2021,24/09/2021,,"-"
179,Vitória da Conquista,INSTITUTO DE TECNOLOGIA E CIENCIA DA BAHIA-IFBA,-40.876943,-14.839999,20,Sudoeste Baiano,2933307,INSTITUTO DE TECNOLOGIA E CIENCIA DA BAHIA-IFBA,04/10/2021,LIVRE,ABASTECIMENTO HUMANO,"69,65","7",VAZÃO APROVEITÁVEL,"181","45,5","3,3","2,37","2,1","266","0,0066","0,025","2,37","7,04","0,82","66,5",UTILIZÁVEL APÓS TRATAMENTO,11/10/2021,10/11/2021,,"-"
180,Ituaçu,TAMBURIL OU TAMBORIL,-41.336388,-13.786388,13,Sertão Produtivo,2917201,TAMBURIL OU TAMBORIL,07/08/2023,FISSURAL,ABASTECIMENTO HUMANO,"120","7,14",VAZÃO APROVEITÁVEL,"93,3","7,68","15,6","<0,1","<0,08","21","<0,1",<Null>,"<0,1","6,65","1,29","6,88",UTILIZÁVEL APÓS TRATAMENTO,26/08/2023,27/09/2023,,"-"
181,Planalto,FURNA,-40.435277,-14.665277,20,Sudoeste Baiano,2925006,FURNA,26/10/2022,FISSURAL,NÃO INFORMADO,"102","7,2",VAZÃO APROVEITÁVEL,"489","178","154","0,108","0,46","16","1,2883","0,18","0,108","7,85","16,5","1,33",UTILIZÁVEL APÓS TRATAMENTO,13/05/2023,27/06/2023,,"-"
182,Urandi,BARREIRO DOS CAMPOS,-42.688888,-14.805,13,Sertão Produtivo,2932606,BARREIRO DOS CAMPOS,08/05/2022,FISSURAL,ABASTECIMENTO HUMANO,"100","7,2",VAZÃO APROVEITÁVEL,"275","85,2","225",<1,"1,42","15","0,35","0,509",<1,"7,67","9,25","22",UTILIZÁVEL APÓS TRATAMENTO,11/08/2022,19/09/2022,,"-"
183,Xique-Xique,SOL DE VERÃO,-42.715277,-10.955277,1,Irecê,2933604,SOL DE VERÃO,25/09/2021,FISSURAL,NÃO INFORMADO,"84","7,5",VAZÃO APROVEITÁVEL,"210","33,9","140","<0,10","16,2","25","0,17","0,206","<0,10","8,12","53,2","42,5",UTILIZÁVEL APÓS TRATAMENTO,25/07/2022,07/11/2022,,"-"
184,Boninal,CUTIA,-41.800277,-12.807777,3,Chapada Diamantina,2904001,CUTIA,22/11/2022,FISSURAL,ABASTECIMENTO HUMANO,"90","7,54",VAZÃO APROVEITÁVEL,"74","41,5","39,7","0,92","0,0123","5","<0,1","0,582","0,92","7,22","3,44","1,65",UTILIZÁVEL APÓS TRATAMENTO,27/01/2023,08/03/2023,,"-"
185,Boninal,MATA DE LAMARÃO,-41.624443,-12.705,3,Chapada Diamantina,2904001,MATA DE LAMARÃO,25/04/2023,FISSURAL,ABASTECIMENTO HUMANO,"130","7,74",VAZÃO APROVEITÁVEL,"165","21,8","55,9","0,105","<0,08","61","0,0674",<Null>,"0,105","7,09","0,81","4,31",UTILIZÁVEL APÓS TRATAMENTO,28/04/2023,22/06/2023,,"-"
186,Seabra,VEREDINHA SEDE 31,-41.901944,-12.407777,3,Chapada Diamantina,2929909,VEREDINHA SEDE 31,20/06/2023,FISSURAL,NÃO INFORMADO,"150","7,76",VAZÃO APROVEITÁVEL,"70,7","21,09","11,17","1,23","0,43","58","<0,0033","0,11","1,23","7,33","5,21","5,5",UTILIZÁVEL APÓS TRATAMENTO,07/07/2023,16/08/2023,,"-"
187,Tremedal,FURADO DA CANCELA,-41.424166,-15.148888,20,Sudoeste Baiano,2931806,FURADO DA CANCELA,16/05/2023,LIVRE,NÃO INFORMADO,"54,5","7,92",VAZÃO APROVEITÁVEL,"331","85","79,9","7,09","0,44","26","0,1263","0,08","7,09","5,21","3,76","2,85",UTILIZÁVEL APÓS TRATAMENTO,16/05/2023,27/06/2023,,"-"
188,Xique-Xique,JUREMAL DE CIMA,-42.671388,-10.63611,1,Irecê,2933604,JUREMAL DE CIMA,28/07/2020,FISSURAL,NÃO INFORMADO,"90","7,92",VAZÃO APROVEITÁVEL,"311","8,94","44,1","0,04","0,64","<5,00","0,26","0,028","0,04","8,7","1,37","3,13",UTILIZÁVEL APÓS TRATAMENTO,11/11/2020,17/12/2020,,"-"
189,Cândido Sales,LAGOA DO ROCHA,-41.447499,-15.382777,20,Sudoeste Baiano,2906709,LAGOA DO ROCHA,18/03/2023,FISSURAL,NÃO INFORMADO,"138","8",VAZÃO APROVEITÁVEL,"349","18","137","<0,55","<0,07",<5,"6,2",<Null>,"<0,55","7,44","170",<Null>,UTILIZÁVEL APÓS TRATAMENTO,04/04/2023,22/05/2023,,"-"
190,Morro do Chapéu,ASSENTAMENTO ORGÂNICO,-40.804444,-11.456944,3,Chapada Diamantina,2921708,ASSENTAMENTO ORGÂNICO,13/09/2021,FISSURAL,NÃO INFORMADO,"72","8,18",VAZÃO APROVEITÁVEL,"42","16,9","6,56","0,13","5,48","10","<0,10","0,0628","0,13","6,42","1,49","16,2",UTILIZÁVEL APÓS TRATAMENTO,27/07/2022,09/11/2022,,"-"
191,Brotas de Macaúbas,POÇO SEDE 02,-42.613055,-11.982221,2,Velho Chico,2904506,POÇO SEDE 02,29/11/2023,FISSURAL,NÃO INFORMADO,"62,5","8,25",VAZÃO APROVEITÁVEL,"46","4,83","12,3","<0,1","1,02","5","<0,05","0,067","<0,1","6,14","6,35","39",UTILIZÁVEL APÓS TRATAMENTO,18/12/2023,02/02/2024,,"-"
192,Piatã,PALMEIRINHA,-41.815,-12.839444,3,Chapada Diamantina,2924306,PALMEIRINHA,19/11/2022,FISSURAL,ABASTECIMENTO HUMANO,"105","8,43",VAZÃO APROVEITÁVEL,"363","78,4","185","<0,1","0,0866",<5,"<0,1","0,382","<0,1","7,89","4,23","1,13",UTILIZÁVEL APÓS TRATAMENTO,29/01/2023,08/03/2023,,"-"
193,Carinhanha,ASSENTAMENTO MARIELLI,-43.822499,-14.249444,2,Velho Chico,2907103,ASSENTAMENTO MARIELLI,31/05/2022,CÁRSTICO,ABASTECIMENTO HUMANO,"156","8,6",VAZÃO APROVEITÁVEL,"296","30,8","31,4","0,048","0,08",<5,"2,14","0,026","0,048","8,17","21,3",<Null>,UTILIZÁVEL APÓS TRATAMENTO,13/07/2022,18/08/2022,,"-"
194,Seabra,VELAME,-41.830554,-12.554444,3,Chapada Diamantina,2929909,VELAME,18/07/2023,FISSURAL,ABASTECIMENTO HUMANO,"120","8,8",VAZÃO APROVEITÁVEL,"269","29,92","68,2","0,85","0,32","602","<0,1","1,25","0,85","7,4","20,34","108",UTILIZÁVEL APÓS TRATAMENTO,31/08/2023,27/09/2023,,"-"
195,Planalto,CRICIÚMA,-40.417499,-14.622221,20,Sudoeste Baiano,2925006,CRICIÚMA,03/09/2022,FISSURAL,NÃO INFORMADO,"108","9",VAZÃO APROVEITÁVEL,"338","99,4","52,7","<1,00","<0,01","5","2,81",<Null>,"<1,00","8,02","10,2",<Null>,UTILIZÁVEL APÓS TRATAMENTO,26/03/2024,09/05/2024,,"-"
196,Ibitiara,ESPINHEIRO,-42.107777,-12.42611,3,Chapada Diamantina,2913002,ESPINHEIRO,09/07/2022,FISSURAL,ABASTECIMENTO HUMANO,"100","9,32",VAZÃO APROVEITÁVEL,"220","68,2","135","<0,100","<0,07","<5,00","<0,100",<Null>,"<0,100","7,8","0,86","13,2",UTILIZÁVEL APÓS TRATAMENTO,30/08/2022,26/09/2022,,"-"
197,Poções,VASSOURA (COMUNIDADE QUILOMBOLA),-40.561944,-14.494166,20,Sudoeste Baiano,2925105,VASSOURA (COMUNIDADE QUILOMBOLA),03/11/2021,FISSURAL,NÃO INFORMADO,"90","9,42",VAZÃO APROVEITÁVEL,"145","554","43","0,08","0,41",<5,"0,043","0,932","0,08","7,22","1,23","4,78",UTILIZÁVEL APÓS TRATAMENTO,04/11/2021,09/03/2022,,"-"
198,Ibitiara,ITIBIRABA,-42.197221,-12.587221,3,Chapada Diamantina,2913002,ITIBIRABA,19/06/2020,FISSURAL,NÃO INFORMADO,"138","9,78",VAZÃO APROVEITÁVEL,"214","10","118","<0,003","0,1","11","0,14","0,172","<0,003","8,22",<Null>,"0,95",UTILIZÁVEL APÓS TRATAMENTO,21/08/2020,15/09/2020,,"-"
199,Brumado,CAMPO LARGO,-41.724443,-14.411944,13,Sertão Produtivo,2904605,CAMPO LARGO,20/01/2023,FISSURAL,ABASTECIMENTO HUMANO,"100","10,02",VAZÃO APROVEITÁVEL,"474","82,4","237","0,9","0,0726","5","0,74","0,0647","0,9","7,11","25,9","15,1",UTILIZÁVEL APÓS TRATAMENTO,05/04/2023,26/04/2023,,"-"
200,Vitória da Conquista,CONJUNTO PENAL DE VITÓRIA DA CONQUISTA,-40.726666,-14.856944,20,Sudoeste Baiano,2933307,CONJUNTO PENAL DE VITÓRIA DA CONQUISTA,22/09/2021,LIVRE / CONFINADO,NÃO INFORMADO,"74","10,02",VAZÃO APROVEITÁVEL,"90","4,7",<Null>,"0,29","0,42","5","<0,1","0,0092","0,29","8,1",<Null>,<Null>,UTILIZÁVEL APÓS TRATAMENTO,06/10/2021,28/10/2021,,"-"
201,Ibitiara,OLHOS D'ÁGUA DO BENZINHO,-42.283333,-12.623054,3,Chapada Diamantina,2913002,OLHOS D'ÁGUA DO BENZINHO,11/07/2022,FISSURAL,ABASTECIMENTO HUMANO,"80","10,42",VAZÃO APROVEITÁVEL,"224","126,49","12,8","10,01","1,86","76","2,88","0,299","10,01","6,44","175,7","15,3",UTILIZÁVEL APÓS TRATAMENTO,02/09/2022,17/10/2022,,"-"
202,Caetité,SAMBAÍBA,-42.711111,-13.616388,13,Sertão Produtivo,2905206,SAMBAÍBA,29/01/2023,FISSURAL,ABASTECIMENTO HUMANO,"120","10,56",VAZÃO APROVEITÁVEL,"149","52,8","43,6","<0,003","0,64","24","<0,0033","0,052","<0,003","6,74","20,34","5,27",UTILIZÁVEL APÓS TRATAMENTO,09/03/2023,04/04/2023,,"-"
203,Palmeiras,SEDE,-41.601666,-12.520277,3,Chapada Diamantina,2923506,SEDE,22/08/2022,FISSURAL,ABASTECIMENTO HUMANO,"150","10,56",POÇO COM PROBLEMA,"106","35,5","21,6","<0,10","5,46","170","<0,10","0,0572","<0,10","7,05","2,56","203",UTILIZÁVEL APÓS TRATAMENTO,19/09/2022,25/10/2022,,"-"
204,Riacho de Santana,TABUA,-43.12361,-13.52861,2,Velho Chico,2926400,TABUA,15/12/2019,FISSURAL,NÃO INFORMADO,"101","11,42",VAZÃO APROVEITÁVEL,"437","33,3","187","0,009","0,18","11","3,32",<Null>,"0,009","7,69","22","0,76",UTILIZÁVEL APÓS TRATAMENTO,20/12/2019,23/01/2020,,"-"
205,Ibicoara,HORIZONTE,-41.296388,-13.410277,3,Chapada Diamantina,2912202,HORIZONTE,16/12/2019,FISSURAL,ABASTECIMENTO HUMANO,"90","12,77",VAZÃO APROVEITÁVEL,"38","2,93","21,7","0,05","<0,07","16","0,01",<Null>,"0,05","7,36","0,26","1,08",UTILIZÁVEL APÓS TRATAMENTO,25/08/2020,01/10/2020,,"-"
206,Boninal,LAGOÃO,-41.989999,-12.77111,3,Chapada Diamantina,2904001,LAGOÃO,29/04/2023,FISSURAL,ABASTECIMENTO HUMANO,"114","13,1",VAZÃO APROVEITÁVEL,"262","37,4","102","0,049","0,11","20","0,098","0,2","0,049","7,85","14,1",<Null>,UTILIZÁVEL APÓS TRATAMENTO,01/05/2023,22/06/2023,,"-"
207,Palmeiras,LARANJO,-41.67861,-12.624721,3,Chapada Diamantina,2923506,LARANJO,14/12/2023,FISSURAL,ABASTECIMENTO HUMANO,"120","13,2",VAZÃO APROVEITÁVEL,"125","10,4","60,4","<0,1","0,0597","10","<0,05","0,536","<0,1","7,37","71,7","0,75",UTILIZÁVEL APÓS TRATAMENTO,09/04/2024,20/05/2024,,"-"
208,Ibitiara,POVOADO DE BOQUEIRÃO,-42.22111,-12.536666,3,Chapada Diamantina,2913002,POVOADO DE BOQUEIRÃO,08/09/2021,FISSURAL,NÃO INFORMADO,"140","13,2",VAZÃO APROVEITÁVEL,"337","52","211","0,283","<0,07","57","0,03","0,264","0,283","7,83","12,9","3,88",UTILIZÁVEL APÓS TRATAMENTO,10/09/2021,24/09/2021,,"-"
209,Ibotirama,CORREDOR DA  VARZEA,-43.211944,-12.319166,2,Velho Chico,2913200,CORREDOR DA  VARZEA,04/07/2022,LIVRE,ABASTECIMENTO HUMANO,"47","13,21",VAZÃO APROVEITÁVEL,"88","1,5","45,1",<1,"0,102","5","0,19","0,0497",<1,"8,08",<Null>,"5,78",UTILIZÁVEL APÓS TRATAMENTO,23/08/2022,19/09/2022,,"-"
210,Boquira,VÁRZEA TORTA,-42.739721,-12.694166,12,Bacia do Paramirim,2904100,VÁRZEA TORTA,20/08/2020,FISSURAL,NÃO INFORMADO,"60","13,42",VAZÃO APROVEITÁVEL,"184","211","381","7","0,09","<5,00","0,43","0,046","7","8,16","18,9","0,69",UTILIZÁVEL APÓS TRATAMENTO,19/12/2020,03/02/2021,,"-"
211,Palmeiras,LAGOA DOS CRENTES,-41.500833,-12.583333,3,Chapada Diamantina,2923506,LAGOA DOS CRENTES,09/07/2023,FISSURAL,ABASTECIMENTO HUMANO,"100","13,66",VAZÃO APROVEITÁVEL,"54,7","24,66","26","<0,0226","<0,08","69","<0,100",<Null>,"<0,0226","6,22","5,63","7,45",UTILIZÁVEL APÓS TRATAMENTO,04/08/2023,15/09/2023,,"-"
212,Boninal,MULUNGU,-41.875554,-12.723888,3,Chapada Diamantina,2904001,MULUNGU,27/04/2023,FISSURAL,ABASTECIMENTO HUMANO,"102","13,86",VAZÃO APROVEITÁVEL,"72","6,58","3,5","1,1","0,09","26","0,0163",<Null>,"1,1","5,07","1,51",<Null>,UTILIZÁVEL APÓS TRATAMENTO,29/04/2023,22/06/2023,,"-"
213,Ituaçu,ÁGUA PRETA,-41.263888,-13.858333,13,Sertão Produtivo,2917201,ÁGUA PRETA,01/03/2020,FISSURAL,NÃO INFORMADO,"100","13,89",VAZÃO APROVEITÁVEL,"193","27","106","0,075","3,12","308","0,06","0,045","0,075","7,65","14,5","73,7",UTILIZÁVEL APÓS TRATAMENTO,09/03/2020,31/03/2020,,"-"
214,Piatã,FALHADO,-41.717221,-13.072499,3,Chapada Diamantina,2924306,FALHADO,01/05/2023,FISSURAL,ABASTECIMENTO HUMANO,"80","14,69",VAZÃO APROVEITÁVEL,"390","112","83,6","0,16","<0,08","56","0,0924","1,9","0,16","6,36","33","5,49",UTILIZÁVEL APÓS TRATAMENTO,05/05/2023,22/06/2023,,"-"
215,Mortugaba,SEDE,-42.335277,-15.095833,20,Sudoeste Baiano,2921807,SEDE,05/11/2020,LIVRE,NÃO INFORMADO,"37","15,21",VAZÃO APROVEITÁVEL,"18","1,25",<Null>,"0,068","0,07","<5,00","<0,01","0,003","0,068","5,86","0,24",<Null>,UTILIZÁVEL APÓS TRATAMENTO,19/11/2020,04/01/2021,,"-"
216,Rio do Pires,POÇO D'ÁGUA,-42.28111,-13.121666,12,Bacia do Paramirim,2926905,POÇO D'ÁGUA,28/04/2021,FISSURAL,NÃO INFORMADO,"106","15,52",VAZÃO APROVEITÁVEL,"313","123","189","0,061","0,381","61","0,24","0,711","0,061","7,08","13,9","5,97",UTILIZÁVEL APÓS TRATAMENTO,03/05/2021,10/06/2021,,"-"
217,Gentio do Ouro,SEDE,-42.513611,-11.424999,1,Irecê,2911303,SEDE,21/05/2020,MISTO,NÃO INFORMADO,"101","15,52",VAZÃO APROVEITÁVEL,"245","57,3","105","2,95","5,33","28","0,05","0,096","2,95","6,08","2,47","4,48",UTILIZÁVEL APÓS TRATAMENTO,09/06/2020,22/06/2020,,"-"
218,Morpará,PÉ DE SERRA DE BAIXO,-42.997499,-11.958888,2,Velho Chico,2921609,PÉ DE SERRA DE BAIXO,18/06/2024,FISSURAL,ABASTECIMENTO HUMANO,"90","16,16",VAZÃO APROVEITÁVEL,"268","49,6","137","<0,10","0,368","5","0,16","0,66","<0,10","8,57","6,65","4,2",UTILIZÁVEL APÓS TRATAMENTO,24/07/2024,11/08/2024,,"-"
219,Encruzilhada,BREJÃO,-40.853611,-15.589166,20,Sudoeste Baiano,2910404,BREJÃO,09/04/2020,FISSURAL,NÃO INFORMADO,"130","16,16",VAZÃO APROVEITÁVEL,"160","11,6","53,6","<0,003","0,44",<5,"0,19","0,059","<0,003","8,16","4,84","0,92",UTILIZÁVEL APÓS TRATAMENTO,05/05/2020,28/05/2020,,"-"
220,Sento Sé,BREJO DE FORA,-41.048888,-9.528054,10,Sertão do São Francisco,2930204,BREJO DE FORA,25/11/2022,FISSURAL,NÃO INFORMADO,"90","16,38",VAZÃO APROVEITÁVEL,"417","156","101","8","<0,08","18","0,1836",<Null>,"8","6,7","11,8","0,48",UTILIZÁVEL APÓS TRATAMENTO,28/05/2023,03/07/2023,,"-"
221,Barra do Mendes,CAPIM DURO DE BAIXO,-42.097777,-12.079166,1,Irecê,2903003,CAPIM DURO DE BAIXO,24/11/2023,FISSURAL,ABASTECIMENTO HUMANO,"80","16,74",VAZÃO APROVEITÁVEL,"154","55,2","22,8","10","3,14","15","<0,05","0,077","10","5,79","3,72","24",UTILIZÁVEL APÓS TRATAMENTO,17/01/2024,02/02/2024,,"-"
222,Novo Horizonte,ÁREA DO SITIO BAIXINHA,-42.207222,-12.815555,3,Chapada Diamantina,2923035,ÁREA DO SITIO BAIXINHA,10/09/2021,FISSURAL,NÃO INFORMADO,"120","16,85",VAZÃO APROVEITÁVEL,"447","102","254","<0,09","0,0362",<5,"<0,1","0,233","<0,09","8,04","5,75","3,03",UTILIZÁVEL APÓS TRATAMENTO,21/09/2021,18/10/2021,,"-"
223,Ibicoara,CANJERANA,-41.289444,-13.437777,3,Chapada Diamantina,2912202,CANJERANA,20/10/2020,FISSURAL,NÃO INFORMADO,"54","22",VAZÃO APROVEITÁVEL,"37,7","11,6","8,6","4,47","0,081","6","<0,01",<Null>,"4,47","5,07","0,57","0,47",UTILIZÁVEL APÓS TRATAMENTO,17/05/2021,15/06/2021,,"-"
224,Barra,CONCEIÇÃO,-43.155555,-11.147499,2,Velho Chico,2902708,CONCEIÇÃO,16/07/2022,LIVRE,ABASTECIMENTO HUMANO,"60","22,29",VAZÃO APROVEITÁVEL,"213","14,8","103","<0,05","0,12","44","0,2","0,033","<0,05","7,9","3,8","1,66",UTILIZÁVEL APÓS TRATAMENTO,07/11/2022,23/12/2022,,"-"
225,Boninal,SEDE,-41.816666,-12.705555,3,Chapada Diamantina,2904001,SEDE,03/04/2022,FISSURAL,NÃO INFORMADO,"89","22,62",VAZÃO APROVEITÁVEL,"269","13,5","261","0,144","0,13","<5,00","0,127","0,12","0,144","8","9,27","1,96",UTILIZÁVEL APÓS TRATAMENTO,16/04/2022,12/05/2022,,"-"
226,Rio do Pires,CURRAL QUEIMADO,-42.33361,-13.039721,12,Bacia do Paramirim,2926905,CURRAL QUEIMADO,30/06/2020,FISSURAL,NÃO INFORMADO,"98","22,62",VAZÃO APROVEITÁVEL,"220","24,8","127","0,077","<0,050","27","0,22",<Null>,"0,077","8,52","0,43",<Null>,UTILIZÁVEL APÓS TRATAMENTO,29/03/2021,12/05/2021,,"-"
227,Ibicoara,CERQUEIRA,-41.351388,-13.327221,3,Chapada Diamantina,2912202,CERQUEIRA,14/06/2023,FISSURAL,NÃO INFORMADO,"80","22,63",VAZÃO APROVEITÁVEL,"42,7","1,97","17,4","<0,0226","1,08",<5,"<0,100",<Null>,"<0,0226","5,8","3,06",<Null>,UTILIZÁVEL APÓS TRATAMENTO,30/07/2023,15/09/2023,,"-"
228,Planalto,BOA VISTA,-40.53861,-14.758888,20,Sudoeste Baiano,2925006,BOA VISTA,14/09/2022,FISSURAL,ABASTECIMENTO HUMANO,"84","24",VAZÃO APROVEITÁVEL,"221","21","108","<0,05","<0,07","17","0,17","0,017","<0,05","7,19","3,3",<Null>,UTILIZÁVEL APÓS TRATAMENTO,13/11/2022,16/12/2022,,"-"
229,Paulo Afonso,VÁRZEA,-38.463888,-9.570832,24,Itaparica,2924009,VÁRZEA,04/09/2021,SEMI-CONFINADO,NÃO INFORMADO,"257,8","24",VAZÃO APROVEITÁVEL,"159","31,6","35,9","0,321","0,33","25","0,042","0,094","0,321","6,69","1,88","7,79",UTILIZÁVEL APÓS TRATAMENTO,15/11/2021,25/11/2021,,"-"
230,Abaíra,BARRA DE ABAÍRA,-41.591944,-13.254722,3,Chapada Diamantina,2900108,BARRA DE ABAÍRA,08/10/2022,FISSURAL,ABASTECIMENTO HUMANO,"90","24,75",VAZÃO APROVEITÁVEL,"354","92","190","<0,55","0,36","46","0,324","0,31","<0,55","7,04","4,1","4,84",UTILIZÁVEL APÓS TRATAMENTO,02/03/2023,06/04/2023,,"-"
231,Juazeiro,HOSPITAL REGIONAL DE JUAZEIRO,-40.510277,-9.413333,10,Sertão do São Francisco,2918407,HOSPITAL REGIONAL DE JUAZEIRO,09/07/2020,FISSURAL,NÃO INFORMADO,"60","24,75",VAZÃO APROVEITÁVEL,"479","103","218","0,581","<0,07",<5,"0,02","0,279","0,581","8,15","49,9","0,48",UTILIZÁVEL APÓS TRATAMENTO,13/07/2020,21/08/2020,,"-"
232,Andaraí,SEDE 3,-41.332777,-12.798333,3,Chapada Diamantina,2901304,SEDE 3,27/08/2022,FISSURAL,ABASTECIMENTO HUMANO,"144","25,55",VAZÃO APROVEITÁVEL,"20","3,9","4,5","<0,100","<0,07","47","<0,100","0,6","<0,100","4,9","0,97","3,39",UTILIZÁVEL APÓS TRATAMENTO,03/09/2022,06/10/2022,,"-"
233,Paratinga,LAGOA DE CIMA,-42.979166,-12.774999,2,Velho Chico,2923704,LAGOA DE CIMA,19/11/2020,FISSURAL,NÃO INFORMADO,"80","25,55",VAZÃO APROVEITÁVEL,"110","9,22","24,1","4,47","0,23","5","0,04","0,23","4,47","5,65","3,29","18,9",UTILIZÁVEL APÓS TRATAMENTO,26/11/2020,04/01/2021,,"-"
234,Mucugê,SEDE,-41.384999,-12.996388,3,Chapada Diamantina,2921906,SEDE,07/10/2021,FISSURAL,NÃO INFORMADO,"78","28,28",VAZÃO APROVEITÁVEL,"40,7","1,05",<Null>,"0,009","1,94","93","0,011","0,007","0,009","5,67","1,44","11",UTILIZÁVEL APÓS TRATAMENTO,14/10/2021,25/11/2021,,"-"
235,Andaraí,SEDE 2,-41.329999,-12.800833,3,Chapada Diamantina,2901304,SEDE 2,25/08/2022,FISSURAL,ABASTECIMENTO HUMANO,"115","28,29",VAZÃO APROVEITÁVEL,"80,7","24,86","12,4","5,12","<0,07",<5,"<0,100","0,758","5,12","4,13","4,32","0,47",UTILIZÁVEL APÓS TRATAMENTO,05/09/2022,06/10/2022,,"-"
236,Mucugê,SEDE,-41.385555,-12.999166,3,Chapada Diamantina,2921906,SEDE,09/10/2021,FISSURAL,NÃO INFORMADO,"78","29,33",VAZÃO APROVEITÁVEL,"31,3","2,19",<Null>,"<0,003","1,21","72","0,004",<Null>,"<0,003","5,26","0,25","5,63",UTILIZÁVEL APÓS TRATAMENTO,15/10/2021,25/11/2021,,"-"
237,Ituaçu,SANTA CLARA,-41.404444,-13.876388,13,Sertão Produtivo,2917201,SANTA CLARA,23/02/2020,FISSURAL,ABASTECIMENTO HUMANO,"84","30,46",VAZÃO APROVEITÁVEL,"117","23,8","24,5","0,179","<0,07","29","0,02","0,095","0,179","7,23","2,39","5,02",UTILIZÁVEL APÓS TRATAMENTO,25/02/2020,19/03/2020,,"-"
238,Feira da Mata,VARGEM DAS CARAÍBAS,-44.398888,-14.216388,2,Velho Chico,2910776,VARGEM DAS CARAÍBAS,04/06/2022,CÁRSTICO,NÃO INFORMADO,"60","31,68",VAZÃO APROVEITÁVEL,"297","3,34","95,6","1,15","<0,08","18","0,1608",<Null>,"1,15","7,57","1,23","1,93",UTILIZÁVEL APÓS TRATAMENTO,15/04/2023,26/06/2023,,"-"
239,Érico Cardoso,ROÇADO,-42.013055,-13.31,12,Bacia do Paramirim,2900504,ROÇADO,07/10/2020,FISSURAL,NÃO INFORMADO,"90","31,68",VAZÃO APROVEITÁVEL,"153","24,4","96","0,871","0,16","43","0,029","0,126","0,871","6,75","1,8","8,88",UTILIZÁVEL APÓS TRATAMENTO,02/11/2021,25/11/2021,,"-"
240,Feira da Mata,PÉ DE MORRO,-44.084999,-14.008888,2,Velho Chico,2910776,PÉ DE MORRO,07/03/2023,FISSURAL / CONFINADO,ABASTECIMENTO HUMANO,"60","37,71",VAZÃO APROVEITÁVEL,"388","189,43","341,97","1,07","<0,08","46","<0,0033",<Null>,"1,07","7,15","26,55","8,75",UTILIZÁVEL APÓS TRATAMENTO,20/06/2023,14/08/2023,,"-"
241,Andaraí,SEDE 1,-41.335277,-12.79611,3,Chapada Diamantina,2901304,SEDE 1,11/06/2021,FISSURAL,NÃO INFORMADO,"80,5","37,71",VAZÃO APROVEITÁVEL,"31","3,17",<Null>,"0,003","1,08","40","<0,01",<Null>,"0,003","5,23","0,8","3,15",UTILIZÁVEL APÓS TRATAMENTO,07/07/2021,26/07/2021,,"-"
242,Palmeiras,POVOADO DE GUINÉ,-41.574999,-12.543333,3,Chapada Diamantina,2923506,POVOADO DE GUINÉ,11/12/2023,FISSURAL,NÃO INFORMADO,"144","41,68",VAZÃO APROVEITÁVEL,"77","16,1","23,5","<0,1","3,99","20","<0,05","0,045","<0,1","6,46","3","9,5",UTILIZÁVEL APÓS TRATAMENTO,16/12/2023,02/02/2024,,"-"
243,Seabra,BARREIRINHO,-41.69611,-12.468054,3,Chapada Diamantina,2929909,BARREIRINHO,25/02/2021,FISSURAL,NÃO INFORMADO,"121","44",VAZÃO APROVEITÁVEL,"116","38,5","13","0,011","0,31","23","0,08","0,098","0,011","5,14","4,8","3,65",UTILIZÁVEL APÓS TRATAMENTO,24/03/2021,15/04/2021,,"-"
244,Palmeiras,CAMPOS DE SÃO JOÃO,-41.490277,-12.434999,3,Chapada Diamantina,2923506,CAMPOS DE SÃO JOÃO,19/02/2021,FISSURAL,NÃO INFORMADO,"90","49,5",VAZÃO APROVEITÁVEL,"25","2,65",<Null>,"0,01","<0,050","11","<0,01",<Null>,"0,01","5,22","1,03",<Null>,UTILIZÁVEL APÓS TRATAMENTO,19/03/2021,15/04/2021,,"-"
245,Sítio do Mato,ASSENTAMENTO EMBORES,-43.595277,-13.008611,2,Velho Chico,2930758,ASSENTAMENTO EMBORES,26/07/2022,CÁRSTICO / FISSURAL,ABASTECIMENTO HUMANO,"111","60,92",VAZÃO APROVEITÁVEL,"500","125","181",<1,"0,047","5","1,36","0,00189",<1,"7,94","160","0,1",UTILIZÁVEL APÓS TRATAMENTO,07/08/2022,19/09/2022,,"-"
246,Carinhanha,LAGOA DANTA,-43.774721,-14.18611,2,Velho Chico,2907103,LAGOA DANTA,23/07/2023,LIVRE / FISSURAL,ABASTECIMENTO HUMANO,"60","65,14",VAZÃO APROVEITÁVEL,"123","2,22","63,9","<0,0226","0,39","12","<0,100","0,11","<0,0226","7,21","0,3","1,17",UTILIZÁVEL APÓS TRATAMENTO,06/08/2023,15/09/2023,,"-"
247,Serra do Ramalho,CALDEIRÃO,-43.45,-13.405277,2,Velho Chico,2930154,CALDEIRÃO,20/07/2023,LIVRE,ABASTECIMENTO ANIMAL,"42","65,14",VAZÃO APROVEITÁVEL,"123,3","1,29","113,8","0,16","0,8","64","0,13","0,06","0,16","6,94","2,59","6,88",UTILIZÁVEL APÓS TRATAMENTO,05/08/2023,06/09/2023,,"-"
248,Bom Jesus da Lapa,NOVA BATALHINHA,-43.48611,-13.688888,2,Velho Chico,2903904,NOVA BATALHINHA,20/10/2022,FISSURAL,ABASTECIMENTO HUMANO,"44","72",VAZÃO APROVEITÁVEL,"288","19","241","<0,55","0,77","35","0,372","0,598","<0,55","7,15","7,7","2,7",UTILIZÁVEL APÓS TRATAMENTO,08/03/2023,06/04/2023,,"-"
249,Riacho de Santana,BARREIRO DA CAATINGA,-43.076388,-13.500833,2,Velho Chico,2926400,BARREIRO DA CAATINGA,06/08/2021,FISSURAL,NÃO INFORMADO,"100","72",VAZÃO APROVEITÁVEL,"467","71","510","<=2,00",I.D,<Null>,"0,32",<Null>,"<=2,00",<Null>,<Null>,"1,1",UTILIZÁVEL APÓS TRATAMENTO,14/08/2021,<Null>,,"-"
250,Bom Jesus da Lapa,ASSENTAMENTO FECHADINHA,-43.459722,-13.263055,2,Velho Chico,2903904,ASSENTAMENTO FECHADINHA,17/10/2020,CÁRSTICO,NÃO INFORMADO,"90","79,2",VAZÃO APROVEITÁVEL,"407","50,4","237","0,254","1,78","5","0,05","0,366","0,254","7,35","26,3","17,1",UTILIZÁVEL APÓS TRATAMENTO,25/11/2020,04/01/2021,,"-"
251,Ibotirama,CAPÃO DE BAIXO,-43.293888,-11.914166,2,Velho Chico,2913200,CAPÃO DE BAIXO,07/05/2023,CONFINADO,ABASTECIMENTO HUMANO,"62","87,98",VAZÃO APROVEITÁVEL,"88,7","0,44","54,6","0,058","6,61","199","0,0542","1,25","0,058","6,59","0,13","34,7",UTILIZÁVEL APÓS TRATAMENTO,26/05/2023,03/07/2023,,"-"
252,Biritinga,SEDE 36,-38.753333,-11.559444,4,Sisal,2903607,SEDE 36,31/08/2023,CONFINADO,NÃO INFORMADO,"445,5","150",VAZÃO APROVEITÁVEL,"450","97,63","75","1,18","<0,10","1","0,42",<Null>,"1,18","6,95","25,35","12,6",UTILIZÁVEL APÓS TRATAMENTO,29/09/2023,04/12/2023,,"-"
253,Araci,OITERO SEDE 10-A,-38.815,-11.280554,4,Sisal,2902104,OITERO SEDE 10-A,31/07/2021,CONFINADO,NÃO INFORMADO,"431,62","163,64",VAZÃO APROVEITÁVEL,"432","134","84,5","0,775","0,1","15","0,26","0,013","0,775","7,59","35,2","2,41",UTILIZÁVEL APÓS TRATAMENTO,08/08/2021,27/08/2021,,"-"
254,Casa Nova,SÍTIO SÃO MIGUEL,-41.495833,-9.327499,10,Sertão do São Francisco,2907202,SÍTIO SÃO MIGUEL,03/10/2020,FISSURAL,NÃO INFORMADO,"120","1,36",VAZÃO APROVEITÁVEL,"155","43,6","26,1","3,92","0,38",<5,"0,04","0,016","3,92","7,32","6,18","1",UTILIZÁVEL SOB CIRCUNSTÂNCIAS ESPECIAIS,19/12/2020,03/02/2021,,"-"
